Time,Protocol
0.0,UDP
0.040611,UDP
0.044585,UDP
0.044585,UDP
0.046896,UDP
0.062417,UDP
0.063522,UDP
0.063522,UDP
0.067055,UDP
0.067055,UDP
0.068873,UDP
0.077838,UDP
0.080814,UDP
0.080814,UDP
0.080814,UDP
0.084235,UDP
0.084235,UDP
0.092412,UDP
0.092412,UDP
0.092412,UDP
0.092724,UDP
0.094966,UDP
0.098534,UDP
0.101562,UDP
0.101562,UDP
0.101562,UDP
0.101903,UDP
0.110358,UDP
0.110641,UDP
0.115656,UDP
0.115656,UDP
0.115656,UDP
0.120562,UDP
0.12454,UDP
0.126081,UDP
0.126081,UDP
0.126081,UDP
0.132058,UDP
0.1375,UDP
0.1375,UDP
0.1375,UDP
0.137693,UDP
0.151433,UDP
0.151433,UDP
0.151726,UDP
0.153054,UDP
0.153054,UDP
0.154751,UDP
0.159189,UDP
0.159189,UDP
0.159375,UDP
0.16019,UDP
0.166824,UDP
0.166958,UDP
0.170912,UDP
0.170912,UDP
0.17189,UDP
0.179923,UDP
0.180212,UDP
0.182861,UDP
0.182861,UDP
0.182861,UDP
0.190622,UDP
0.190949,UDP
0.19559,UDP
0.19559,UDP
0.19559,UDP
0.201512,UDP
0.206035,UDP
0.206035,UDP
0.206035,UDP
0.206397,UDP
0.21711,UDP
0.222591,UDP
0.222591,UDP
0.222591,UDP
0.222591,UDP
0.232223,UDP
0.240233,UDP
0.240233,UDP
0.240233,UDP
0.240233,UDP
0.240233,UDP
0.240233,UDP
0.241825,UDP
0.241825,UDP
0.247651,UDP
0.247651,UDP
0.247915,UDP
0.250738,UDP
0.250738,UDP
0.250738,UDP
0.259482,UDP
0.25987,UDP
0.262831,UDP
0.262831,UDP
0.262831,UDP
0.268687,UDP
0.274625,UDP
0.274625,UDP
0.274846,UDP
0.275413,UDP
0.280619,UDP
0.284808,UDP
0.284808,UDP
0.284808,UDP
0.285171,UDP
0.290939,UDP
0.292509,UDP
0.292509,UDP
0.292881,UDP
0.293738,UDP
0.3036,UDP
0.303996,UDP
0.30561,UDP
0.30561,UDP
0.30561,UDP
0.319028,UDP
0.319028,UDP
0.319028,UDP
0.319028,UDP
0.319573,UDP
0.325967,UDP
0.32838,UDP
0.32838,UDP
0.32838,UDP
0.328681,UDP
0.332424,UDP
0.335459,UDP
0.335459,UDP
0.335459,UDP
0.340406,UDP
0.340491,UDP
0.342047,UDP
0.342047,UDP
0.347979,UDP
0.348418,UDP
0.349229,UDP
0.356413,UDP
0.356413,UDP
0.356413,UDP
0.35679,UDP
0.360434,UDP
0.360434,UDP
0.364252,UDP
0.364252,UDP
0.371186,UDP
0.371186,UDP
0.371441,UDP
0.37202,UDP
0.37202,UDP
0.379478,UDP
0.37978,UDP
0.380754,UDP
0.380754,UDP
0.38153,UDP
0.388309,UDP
0.391552,UDP
0.392761,UDP
0.392761,UDP
0.393252,UDP
0.399956,UDP
0.400207,UDP
0.401501,UDP
0.401501,UDP
0.401501,UDP
0.409937,UDP
0.410334,UDP
0.416547,UDP
0.416547,UDP
0.416547,UDP
0.421036,UDP
0.421036,UDP
0.425087,UDP
0.425087,UDP
0.425381,UDP
0.428817,UDP
0.432769,UDP
0.432769,UDP
0.432769,UDP
0.433026,UDP
0.437152,UDP
0.439079,UDP
0.439079,UDP
0.440179,UDP
0.440559,UDP
0.446678,UDP
0.450655,UDP
0.450655,UDP
0.450655,UDP
0.454984,UDP
0.455305,UDP
0.456593,UDP
0.456593,UDP
0.459,UDP
0.464768,UDP
0.465032,UDP
0.466972,UDP
0.466972,UDP
0.467327,UDP
0.472979,UDP
0.475151,UDP
0.475151,UDP
0.475313,UDP
0.475321,UDP
0.481567,UDP
0.486672,UDP
0.486672,UDP
0.486672,UDP
0.486865,UDP
0.490752,UDP
0.494773,UDP
0.494773,UDP
0.494773,UDP
0.494971,UDP
0.497985,UDP
0.499091,UDP
0.500028,UDP
0.500028,UDP
0.506006,UDP
0.506299,UDP
0.507139,UDP
0.507139,UDP
0.507678,UDP
0.515847,UDP
0.516132,UDP
0.520364,UDP
0.520364,UDP
0.520364,UDP
0.527467,UDP
0.527467,UDP
0.527467,UDP
0.527467,UDP
0.52806,UDP
0.530849,UDP
0.533002,UDP
0.533002,UDP
0.533002,UDP
0.539864,UDP
0.540189,UDP
0.550882,UDP
0.550882,UDP
0.551487,UDP
0.551487,UDP
0.551739,UDP
0.551739,UDP
0.552053,UDP
0.556117,UDP
0.556711,UDP
0.559944,UDP
0.559944,UDP
0.560097,UDP
0.565116,ARP
0.565116,UDP
0.56602,UDP
0.56602,UDP
0.56602,UDP
0.571369,UDP
0.571816,UDP
0.572129,UDP
0.572961,UDP
0.572961,UDP
0.579654,UDP
0.580063,UDP
0.582225,UDP
0.583254,UDP
0.583254,UDP
0.589759,UDP
0.589991,UDP
0.590861,UDP
0.590861,UDP
0.590861,UDP
0.596584,UDP
0.597243,UDP
0.598718,UDP
0.598718,UDP
0.599071,UDP
0.605967,UDP
0.606008,UDP
0.606008,UDP
0.606258,UDP
0.606511,UDP
0.613903,UDP
0.619144,UDP
0.619144,UDP
0.619144,UDP
0.620625,UDP
0.623674,UDP
0.62953,UDP
0.630578,UDP
0.630578,UDP
0.635615,UDP
0.635615,UDP
0.635615,UDP
0.635615,UDP
0.636563,UDP
0.637674,UDP
0.637816,UDP
0.64069,UDP
0.64069,UDP
0.643295,UDP
0.647086,UDP
0.647086,UDP
0.647086,UDP
0.649668,UDP
0.649901,UDP
0.652057,UDP
0.652057,UDP
0.652057,UDP
0.655021,UDP
0.656477,UDP
0.65756,UDP
0.65756,UDP
0.66129,UDP
0.661565,UDP
0.668972,UDP
0.668972,UDP
0.668972,UDP
0.670233,UDP
0.670233,UDP
0.670233,UDP
0.670233,UDP
0.674124,UDP
0.674895,UDP
0.674895,UDP
0.675221,UDP
0.675618,UDP
0.680869,UDP
0.68413,UDP
0.68413,UDP
0.68413,UDP
0.684462,UDP
0.686387,UDP
0.687579,UDP
0.688653,UDP
0.688653,UDP
0.69384,UDP
0.69424,UDP
0.702833,UDP
0.702833,UDP
0.702833,UDP
0.702833,UDP
0.702833,UDP
0.702833,UDP
0.702833,UDP
0.70663,UDP
0.710832,UDP
0.71118,UDP
0.71419,UDP
0.71419,UDP
0.714352,UDP
0.72188,UDP
0.722349,UDP
0.724115,UDP
0.724115,UDP
0.724115,UDP
0.730559,UDP
0.731411,UDP
0.731411,UDP
0.731411,UDP
0.731929,UDP
0.737864,UDP
0.739376,UDP
0.740625,UDP
0.740625,UDP
0.745161,UDP
0.745535,UDP
0.74762,UDP
0.755697,UDP
0.755697,UDP
0.755697,UDP
0.755697,UDP
0.755697,UDP
0.755697,UDP
0.756021,UDP
0.757954,UDP
0.760052,UDP
0.760052,UDP
0.760052,UDP
0.764264,UDP
0.764604,UDP
0.771266,UDP
0.771266,UDP
0.771266,UDP
0.773691,UDP
0.773691,UDP
0.774661,UDP
0.774661,UDP
0.776126,UDP
0.776126,UDP
0.777165,UDP
0.777453,UDP
0.778629,UDP
0.784589,UDP
0.784589,UDP
0.785103,UDP
0.785103,UDP
0.787636,UDP
0.787837,UDP
0.791915,UDP
0.791915,UDP
0.792841,UDP
0.798303,UDP
0.798303,UDP
0.798303,UDP
0.798303,UDP
0.802782,UDP
0.802982,UDP
0.80368,UDP
0.80368,UDP
0.80368,UDP
0.805452,UDP
0.809416,UDP
0.809416,UDP
0.809416,UDP
0.814937,UDP
0.814937,UDP
0.814937,UDP
0.814937,UDP
0.815299,UDP
0.819152,UDP
0.823634,UDP
0.824053,UDP
0.824901,UDP
0.824901,UDP
0.827703,UDP
0.827703,UDP
0.827703,UDP
0.827703,UDP
0.835154,UDP
0.835154,UDP
0.835154,UDP
0.835154,UDP
0.835503,UDP
0.836686,UDP
0.840033,UDP
0.840033,UDP
0.840033,UDP
0.845556,UDP
0.84576,UDP
0.847756,UDP
0.847756,UDP
0.847756,UDP
0.849552,UDP
0.849552,UDP
0.849552,UDP
0.849552,UDP
0.849753,UDP
0.853743,UDP
0.857978,UDP
0.857978,UDP
0.85958,UDP
0.862144,UDP
0.862144,UDP
0.862144,UDP
0.862144,UDP
0.862319,UDP
0.86597,UDP
0.866884,UDP
0.871814,UDP
0.872573,UDP
0.872573,UDP
0.873856,UDP
0.873856,UDP
0.873856,UDP
0.873856,UDP
0.877877,UDP
0.879776,UDP
0.879776,UDP
0.880311,UDP
0.881245,UDP
0.883865,UDP
0.885872,UDP
0.885872,UDP
0.886492,UDP
0.889523,UDP
0.889735,UDP
0.892027,UDP
0.892027,UDP
0.892027,UDP
0.895563,UDP
0.898587,UDP
0.898587,UDP
0.898587,UDP
0.902312,UDP
0.903312,UDP
0.904625,UDP
0.904625,UDP
0.904625,UDP
0.907263,UDP
0.908299,UDP
0.91115,UDP
0.91115,UDP
0.911382,UDP
0.913083,UDP
0.915044,UDP
0.915893,UDP
0.915893,UDP
0.926077,UDP
0.926334,UDP
0.928491,UDP
0.928491,UDP
0.928491,UDP
0.928491,UDP
0.928491,UDP
0.928491,UDP
0.928491,UDP
0.932321,UDP
0.933622,UDP
0.933622,UDP
0.933622,UDP
0.933826,UDP
0.938285,UDP
0.940281,UDP
0.940281,UDP
0.940281,UDP
0.945474,UDP
0.945578,UDP
0.946683,UDP
0.946683,UDP
0.946683,UDP
0.950221,UDP
0.951001,UDP
0.952008,UDP
0.952538,UDP
0.955073,UDP
0.955184,UDP
0.956111,UDP
0.957136,UDP
0.957719,UDP
0.962942,UDP
0.964002,UDP
0.964002,UDP
0.964002,UDP
0.964097,UDP
0.968597,UDP
0.971329,UDP
0.971329,UDP
0.971535,UDP
0.978583,UDP
0.979001,UDP
0.999105,UDP
0.999105,UDP
0.999105,UDP
0.999105,UDP
0.999105,UDP
0.999105,UDP
0.999105,UDP
0.999105,UDP
0.999105,UDP
0.999105,UDP
0.999105,UDP
0.999105,UDP
0.999753,UDP
1.002894,UDP
1.002894,UDP
1.002894,UDP
1.002894,UDP
1.002894,UDP
1.002894,UDP
1.002894,UDP
1.002894,UDP
1.003316,UDP
1.020348,UDP
1.020348,UDP
1.020348,UDP
1.020348,UDP
1.020348,UDP
1.020348,UDP
1.020348,UDP
1.020348,UDP
1.020348,UDP
1.020348,UDP
1.020348,UDP
1.020348,UDP
1.020997,UDP
1.024787,UDP
1.024787,UDP
1.024787,UDP
1.024787,UDP
1.032444,UDP
1.032444,UDP
1.032444,UDP
1.032444,UDP
1.032748,UDP
1.033864,UDP
1.033864,UDP
1.033864,UDP
1.033864,UDP
1.038324,UDP
1.03935,UDP
1.03935,UDP
1.03935,UDP
1.039533,UDP
1.044541,UDP
1.047287,UDP
1.047486,UDP
1.047908,UDP
1.047908,UDP
1.052328,UDP
1.057106,UDP
1.057523,UDP
1.057523,UDP
1.057946,UDP
1.057946,UDP
1.058384,UDP
1.058384,UDP
1.058639,UDP
1.063177,UDP
1.063177,UDP
1.063177,UDP
1.063177,UDP
1.063374,UDP
1.065629,UDP
1.067063,UDP
1.067063,UDP
1.067544,UDP
1.071755,UDP
1.077655,UDP
1.082076,UDP
1.082076,UDP
1.082076,UDP
1.082076,UDP
1.082076,UDP
1.086006,UDP
1.086006,UDP
1.086261,UDP
1.09343,UDP
1.09343,UDP
1.093716,UDP
1.095005,UDP
1.095005,UDP
1.095005,UDP
1.095005,UDP
1.095005,UDP
1.095005,UDP
1.096047,UDP
1.096047,UDP
1.096047,UDP
1.096047,UDP
1.096314,UDP
1.098386,UDP
1.099149,UDP
1.100009,UDP
1.100009,UDP
1.104167,UDP
1.104314,UDP
1.111018,UDP
1.111018,UDP
1.111688,UDP
1.116241,UDP
1.116241,UDP
1.116609,UDP
1.116609,UDP
1.117086,UDP
1.117086,UDP
1.117979,UDP
1.117979,UDP
1.118224,UDP
1.119851,UDP
1.119851,UDP
1.119851,UDP
1.121619,UDP
1.126539,UDP
1.126727,UDP
1.130234,UDP
1.130234,UDP
1.130234,UDP
1.134866,UDP
1.134866,UDP
1.134866,UDP
1.136618,UDP
1.137799,UDP
1.137908,UDP
1.138667,UDP
1.138667,UDP
1.139963,UDP
1.147878,UDP
1.147878,UDP
1.147878,UDP
1.148055,UDP
1.150649,UDP
1.155689,UDP
1.155689,UDP
1.155689,UDP
1.155689,UDP
1.155809,UDP
1.161329,UDP
1.161329,UDP
1.161329,UDP
1.161329,UDP
1.162491,UDP
1.164005,UDP
1.16425,UDP
1.16425,UDP
1.165185,UDP
1.168992,UDP
1.169812,UDP
1.169812,UDP
1.173591,UDP
1.173707,UDP
1.174967,UDP
1.174967,UDP
1.174967,UDP
1.174967,UDP
1.178726,UDP
1.181773,UDP
1.181773,UDP
1.181773,UDP
1.184061,UDP
1.184146,UDP
1.185954,UDP
1.185954,UDP
1.185954,UDP
1.187554,UDP
1.190865,UDP
1.190865,UDP
1.190865,UDP
1.19235,UDP
1.193429,UDP
1.1935,UDP
1.194393,UDP
1.19528,UDP
1.197538,UDP
1.198421,UDP
1.200128,UDP
1.200128,UDP
1.202029,UDP
1.202116,UDP
1.203054,UDP
1.204868,UDP
1.204868,UDP
1.20687,UDP
1.214474,UDP
1.214474,UDP
1.214474,UDP
1.214474,UDP
1.214474,UDP
1.214474,UDP
1.214474,UDP
1.214646,UDP
1.215826,UDP
1.216619,UDP
1.219472,UDP
1.219472,UDP
1.219599,UDP
1.221417,UDP
1.228158,UDP
1.228158,UDP
1.228158,UDP
1.228158,UDP
1.228158,UDP
1.228158,UDP
1.228158,UDP
1.22916,UDP
1.232472,UDP
1.23498,UDP
1.23498,UDP
1.23498,UDP
1.23762,UDP
1.238562,UDP
1.238562,UDP
1.238562,UDP
1.239404,UDP
1.240283,UDP
1.240383,UDP
1.241272,UDP
1.241272,UDP
1.245085,UDP
1.246056,UDP
1.246056,UDP
1.246259,UDP
1.248335,UDP
1.252221,UDP
1.252221,UDP
1.252333,UDP
1.253098,UDP
1.255821,UDP
1.256216,UDP
1.256216,UDP
1.256216,UDP
1.257057,TCP
1.258717,UDP
1.260344,UDP
1.260344,UDP
1.260344,UDP
1.260462,UDP
1.262589,UDP
1.266267,UDP
1.266267,UDP
1.266989,UDP
1.268206,UDP
1.268206,UDP
1.268309,UDP
1.269336,UDP
1.269336,UDP
1.275245,UDP
1.287613,UDP
1.287613,UDP
1.287613,UDP
1.287613,UDP
1.287613,UDP
1.287613,UDP
1.287613,UDP
1.287922,UDP
1.290299,UDP
1.291712,UDP
1.291712,UDP
1.291712,UDP
1.291712,TCP
1.291712,UDP
1.291712,UDP
1.291712,UDP
1.291712,UDP
1.291712,UDP
1.291712,UDP
1.291862,UDP
1.294546,UDP
1.294546,UDP
1.301629,UDP
1.301629,UDP
1.301629,UDP
1.301629,UDP
1.301629,UDP
1.301629,UDP
1.301629,UDP
1.301629,UDP
1.301889,UDP
1.30641,UDP
1.30641,UDP
1.30641,UDP
1.30641,UDP
1.306604,UDP
1.309614,UDP
1.309614,UDP
1.313807,UDP
1.313807,UDP
1.313998,UDP
1.320834,UDP
1.320834,UDP
1.320834,UDP
1.320834,UDP
1.320834,UDP
1.320834,UDP
1.320834,UDP
1.320834,UDP
1.328503,UDP
1.328503,UDP
1.328503,UDP
1.328503,UDP
1.328503,UDP
1.328503,UDP
1.328503,UDP
1.328503,UDP
1.328739,UDP
1.331041,UDP
1.331041,UDP
1.331041,UDP
1.331041,UDP
1.331165,UDP
1.340681,UDP
1.340681,UDP
1.340681,UDP
1.340681,UDP
1.340681,UDP
1.340681,UDP
1.340681,UDP
1.340681,UDP
1.340936,UDP
1.346558,UDP
1.346558,UDP
1.346558,UDP
1.346558,UDP
1.346767,UDP
1.348766,UDP
1.348766,UDP
1.348766,UDP
1.348766,UDP
1.349734,UDP
1.352657,UDP
1.352657,UDP
1.352657,UDP
1.356823,UDP
1.356823,UDP
1.356823,UDP
1.356823,UDP
1.356948,UDP
1.358024,UDP
1.358024,UDP
1.35936,UDP
1.35936,UDP
1.362862,UDP
1.36466,UDP
1.36466,UDP
1.36466,UDP
1.364865,UDP
1.366396,UDP
1.367691,UDP
1.367691,UDP
1.370395,UDP
1.372257,UDP
1.372257,UDP
1.372257,UDP
1.372479,UDP
1.373129,UDP
1.374763,UDP
1.377838,UDP
1.377838,UDP
1.377838,UDP
1.379446,UDP
1.381395,UDP
1.381395,UDP
1.381601,UDP
1.384822,UDP
1.387397,UDP
1.387397,UDP
1.387397,UDP
1.387397,UDP
1.388852,UDP
1.388852,UDP
1.389061,UDP
1.39042,UDP
1.39042,UDP
1.393568,UDP
1.393568,UDP
1.394881,UDP
1.394881,UDP
1.396659,UDP
1.399134,UDP
1.399134,UDP
1.399245,UDP
1.399335,UDP
1.402266,UDP
1.402266,UDP
1.403494,UDP
1.403494,UDP
1.4082,UDP
1.4082,UDP
1.4082,UDP
1.4082,UDP
1.408347,UDP
1.411978,UDP
1.411978,UDP
1.42137,UDP
1.42137,UDP
1.42137,UDP
1.42137,UDP
1.42137,UDP
1.42137,UDP
1.42137,UDP
1.421531,UDP
1.423478,UDP
1.423478,UDP
1.423478,UDP
1.425867,UDP
1.425867,UDP
1.425867,UDP
1.425867,UDP
1.425978,UDP
1.427742,UDP
1.43083,UDP
1.43083,UDP
1.43083,UDP
1.432023,UDP
1.437962,UDP
1.437962,UDP
1.437962,UDP
1.438085,UDP
1.441449,UDP
1.441449,UDP
1.441449,UDP
1.441449,UDP
1.441449,UDP
1.441449,UDP
1.441449,UDP
1.445939,UDP
1.445939,UDP
1.446023,UDP
1.452469,UDP
1.452469,UDP
1.452469,UDP
1.452469,UDP
1.452469,UDP
1.452469,UDP
1.452469,UDP
1.452469,UDP
1.455492,UDP
1.455492,UDP
1.455492,UDP
1.455492,UDP
1.455492,UDP
1.455492,UDP
1.455622,UDP
1.461472,UDP
1.461472,UDP
1.461472,UDP
1.461472,UDP
1.461472,UDP
1.461472,UDP
1.461637,UDP
1.463191,UDP
1.463191,UDP
1.463191,UDP
1.466651,UDP
1.466651,UDP
1.466651,UDP
1.467872,UDP
1.471015,UDP
1.471121,UDP
1.472405,UDP
1.473962,UDP
1.473962,UDP
1.478668,UDP
1.478668,UDP
1.478668,UDP
1.478668,UDP
1.481632,UDP
1.481761,UDP
1.48452,UDP
1.48452,UDP
1.48452,UDP
1.48833,UDP
1.491096,UDP
1.491096,UDP
1.491096,UDP
1.493512,UDP
1.493685,UDP
1.495719,UDP
1.495719,UDP
1.49656,UDP
1.502688,UDP
1.502688,UDP
1.502688,UDP
1.502688,UDP
1.5033,UDP
1.50886,UDP
1.50886,UDP
1.50886,UDP
1.50886,UDP
1.50886,UDP
1.50886,UDP
1.512401,UDP
1.512401,UDP
1.512401,UDP
1.512401,UDP
1.512401,UDP
1.512477,UDP
1.514688,UDP
1.514688,UDP
1.514688,UDP
1.51899,UDP
1.51899,UDP
1.521842,UDP
1.521842,UDP
1.521842,UDP
1.521842,UDP
1.521965,UDP
1.524438,UDP
1.524438,UDP
1.524438,UDP
1.524438,UDP
1.533385,UDP
1.534827,UDP
1.534827,UDP
1.534827,UDP
1.534827,UDP
1.534827,UDP
1.534827,UDP
1.534827,UDP
1.534827,UDP
1.549078,UDP
1.563854,UDP
1.563854,UDP
1.563854,UDP
1.563854,UDP
1.563854,UDP
1.563854,UDP
1.563854,UDP
1.563854,UDP
1.563854,UDP
1.568845,UDP
1.568845,UDP
1.568845,UDP
1.568845,UDP
1.568845,UDP
1.568845,UDP
1.568845,UDP
1.568845,UDP
1.568845,UDP
1.569342,UDP
1.577775,UDP
1.577775,UDP
1.577775,UDP
1.577775,UDP
1.577775,UDP
1.577775,UDP
1.577775,UDP
1.577775,UDP
1.577775,UDP
1.578205,UDP
1.586233,UDP
1.586233,UDP
1.586233,UDP
1.586233,UDP
1.586233,UDP
1.586705,UDP
1.596834,ARP
1.596945,UDP
1.616777,UDP
1.616777,UDP
1.616777,UDP
1.616777,UDP
1.616777,UDP
1.616777,UDP
1.616777,UDP
1.616777,UDP
1.616777,UDP
1.622121,UDP
1.622121,UDP
1.622121,UDP
1.622121,UDP
1.622121,UDP
1.622121,UDP
1.622121,UDP
1.622121,UDP
1.622121,UDP
1.622625,UDP
1.630058,UDP
1.630058,UDP
1.630058,UDP
1.630058,UDP
1.630058,UDP
1.630058,UDP
1.630058,UDP
1.630058,UDP
1.630058,UDP
1.630345,UDP
1.63533,UDP
1.63533,UDP
1.63533,UDP
1.63533,UDP
1.63533,UDP
1.63533,UDP
1.63533,UDP
1.63533,UDP
1.63533,UDP
1.635525,UDP
1.644287,UDP
1.653732,UDP
1.653732,UDP
1.653732,UDP
1.653732,UDP
1.653732,UDP
1.653732,UDP
1.653732,UDP
1.653732,UDP
1.653732,UDP
1.653732,UDP
1.653732,UDP
1.653732,UDP
1.65394,UDP
1.675818,UDP
1.681556,UDP
1.681556,UDP
1.681556,UDP
1.681556,UDP
1.681556,UDP
1.681556,UDP
1.681556,UDP
1.681556,UDP
1.681556,UDP
1.685444,UDP
1.685444,UDP
1.685444,UDP
1.685444,UDP
1.685444,UDP
1.685444,UDP
1.685444,UDP
1.685757,UDP
1.686798,UDP
1.686798,UDP
1.687729,UDP
1.687729,UDP
1.687935,UDP
1.688669,UDP
1.688669,UDP
1.689843,UDP
1.689843,UDP
1.690795,UDP
1.690795,UDP
1.696319,UDP
1.696319,UDP
1.696549,UDP
1.697215,UDP
1.697215,UDP
1.69832,UDP
1.69832,UDP
1.70056,UDP
1.70056,UDP
1.70056,UDP
1.70056,UDP
1.70056,UDP
1.70081,UDP
1.717117,UDP
1.717295,UDP
1.733661,UDP
1.733947,UDP
1.737301,UDP
1.737301,UDP
1.737301,UDP
1.737301,UDP
1.737301,UDP
1.737718,UDP
1.737788,UDP
1.741901,UDP
1.741901,UDP
1.741901,UDP
1.741901,UDP
1.750614,UDP
1.750614,UDP
1.750614,UDP
1.750614,UDP
1.750614,UDP
1.750614,UDP
1.750614,UDP
1.750762,UDP
1.753206,UDP
1.753206,UDP
1.753206,UDP
1.753206,UDP
1.753206,UDP
1.753313,UDP
1.757891,UDP
1.757891,UDP
1.757891,UDP
1.757891,UDP
1.760007,UDP
1.760007,UDP
1.760007,UDP
1.760007,UDP
1.761378,UDP
1.761466,UDP
1.763087,UDP
1.763087,UDP
1.763087,UDP
1.764846,UDP
1.766056,UDP
1.76728,UDP
1.76728,UDP
1.768649,UDP
1.772278,UDP
1.772278,UDP
1.772278,UDP
1.772408,UDP
1.774379,UDP
1.774379,UDP
1.774379,UDP
1.774379,UDP
1.775751,UDP
1.777742,UDP
1.777742,UDP
1.778108,UDP
1.778184,UDP
1.779809,UDP
1.784424,UDP
1.784424,UDP
1.785106,UDP
1.786636,UDP
1.786636,UDP
1.786636,UDP
1.786636,UDP
1.788017,UDP
1.788017,UDP
1.788017,UDP
1.788162,UDP
1.795343,UDP
1.795343,UDP
1.795343,UDP
1.795343,UDP
1.795545,UDP
1.79758,UDP
1.79758,UDP
1.79758,UDP
1.79758,UDP
1.79758,UDP
1.799135,UDP
1.799135,UDP
1.799135,UDP
1.799135,UDP
1.800995,UDP
1.801152,UDP
1.810245,UDP
1.810245,UDP
1.810245,UDP
1.813412,UDP
1.813412,UDP
1.813412,UDP
1.813412,UDP
1.81625,UDP
1.81625,UDP
1.81625,UDP
1.81625,UDP
1.81625,UDP
1.81625,UDP
1.81625,UDP
1.81625,UDP
1.816538,UDP
1.817871,UDP
1.817871,UDP
1.817871,UDP
1.817871,UDP
1.81934,UDP
1.819537,UDP
1.82243,UDP
1.82243,UDP
1.82243,UDP
1.826359,UDP
1.826359,UDP
1.828009,UDP
1.828009,UDP
1.828009,UDP
1.829309,UDP
1.829309,UDP
1.829309,UDP
1.829521,UDP
1.833213,UDP
1.833213,UDP
1.833213,UDP
1.833213,UDP
1.837175,UDP
1.837452,UDP
1.838633,UDP
1.838633,UDP
1.838633,UDP
1.850181,UDP
1.850181,UDP
1.850423,UDP
1.850654,UDP
1.850654,UDP
1.851127,UDP
1.852104,UDP
1.857983,UDP
1.859113,QUIC
1.859265,QUIC
1.861664,UDP
1.861849,UDP
1.882279,QUIC
1.891288,QUIC
1.891288,QUIC
1.891288,QUIC
1.891288,QUIC
1.891497,QUIC
1.891566,QUIC
1.891775,QUIC
1.891902,QUIC
1.891917,QUIC
1.898465,UDP
1.89935,UDP
1.901486,UDP
1.901607,UDP
1.903338,UDP
1.90452,UDP
1.905616,UDP
1.905616,UDP
1.905616,QUIC
1.905616,QUIC
1.90582,QUIC
1.907509,QUIC
1.908436,UDP
1.910705,UDP
1.910705,UDP
1.910705,UDP
1.910705,QUIC
1.910705,QUIC
1.910705,QUIC
1.910851,QUIC
1.910915,UDP
1.912738,UDP
1.912738,UDP
1.914782,UDP
1.914782,UDP
1.916015,UDP
1.916924,UDP
1.917251,UDP
1.917945,UDP
1.918004,UDP
1.919765,UDP
1.919765,UDP
1.920221,UDP
1.920221,UDP
1.922342,UDP
1.930252,UDP
1.930391,UDP
1.935992,UDP
1.936248,QUIC
1.937533,UDP
1.937533,UDP
1.937533,UDP
1.937533,UDP
1.937533,UDP
1.937533,UDP
1.937533,UDP
1.937533,UDP
1.937533,UDP
1.937533,UDP
1.937918,UDP
1.938203,UDP
1.941701,UDP
1.944388,UDP
1.944388,UDP
1.944388,UDP
1.944388,UDP
1.944388,UDP
1.954332,TCP
1.954415,UDP
1.959484,UDP
1.9617,UDP
1.9617,UDP
1.9617,UDP
1.9617,UDP
1.9617,UDP
1.9617,UDP
1.9617,UDP
1.9617,UDP
1.9617,UDP
1.96217,UDP
1.962894,UDP
1.962894,UDP
1.962894,UDP
1.962894,UDP
1.962894,UDP
1.962894,UDP
1.962894,UDP
1.962894,UDP
1.962894,UDP
1.962894,UDP
1.963393,UDP
1.968668,UDP
1.968668,UDP
1.968668,UDP
1.968668,UDP
1.968668,QUIC
1.968668,UDP
1.968668,UDP
1.968668,UDP
1.968668,UDP
1.973281,UDP
1.973281,UDP
1.973281,UDP
1.973281,UDP
1.973281,QUIC
1.973281,UDP
1.973281,UDP
1.973281,UDP
1.973281,UDP
1.973724,QUIC
1.97391,UDP
1.974332,UDP
1.974332,UDP
1.974332,UDP
1.974332,UDP
1.974703,UDP
1.97668,UDP
1.978405,UDP
1.978405,UDP
1.981794,UDP
1.985069,UDP
1.987333,UDP
1.987333,UDP
1.987928,UDP
1.987928,UDP
1.999945,UDP
2.003416,UDP
2.003416,UDP
2.006342,UDP
2.006342,UDP
2.007156,UDP
2.007156,UDP
2.007156,UDP
2.007628,UDP
2.015325,UDP
2.01973,UDP
2.01973,UDP
2.01973,UDP
2.030944,UDP
2.049822,UDP
2.049822,TCP
2.049822,UDP
2.049822,UDP
2.049822,UDP
2.049822,UDP
2.049822,UDP
2.049822,UDP
2.049822,UDP
2.049822,UDP
2.049822,UDP
2.049822,UDP
2.049822,UDP
2.049822,UDP
2.050364,UDP
2.062119,UDP
2.062119,UDP
2.062119,UDP
2.062119,UDP
2.062119,UDP
2.062119,UDP
2.062119,UDP
2.062119,UDP
2.062119,UDP
2.062119,UDP
2.062119,UDP
2.062119,UDP
2.062119,UDP
2.062119,UDP
2.062655,UDP
2.062888,UDP
2.072877,UDP
2.072877,UDP
2.072877,UDP
2.072877,UDP
2.072877,UDP
2.072877,UDP
2.072877,UDP
2.072877,UDP
2.072877,UDP
2.072877,UDP
2.072877,UDP
2.072877,UDP
2.072877,UDP
2.072877,UDP
2.072877,UDP
2.072877,UDP
2.072877,UDP
2.072877,UDP
2.073451,UDP
2.073634,UDP
2.094897,UDP
2.104289,ARP
2.119817,UDP
2.119817,UDP
2.119817,UDP
2.119817,UDP
2.119817,UDP
2.119817,UDP
2.119817,UDP
2.119817,UDP
2.119817,UDP
2.119817,UDP
2.119817,UDP
2.119817,UDP
2.119817,UDP
2.119817,UDP
2.119817,UDP
2.119817,UDP
2.119817,UDP
2.119817,UDP
2.119817,UDP
2.119817,UDP
2.119817,UDP
2.119817,UDP
2.119817,UDP
2.119817,UDP
2.119817,UDP
2.119817,UDP
2.119817,UDP
2.119817,UDP
2.119817,UDP
2.119817,UDP
2.119817,UDP
2.119817,UDP
2.120397,UDP
2.120397,UDP
2.120397,UDP
2.120397,UDP
2.120397,UDP
2.120397,UDP
2.120397,UDP
2.120397,UDP
2.120397,UDP
2.120397,UDP
2.120397,UDP
2.120397,UDP
2.120397,UDP
2.120397,UDP
2.120397,UDP
2.120397,UDP
2.120397,UDP
2.120397,UDP
2.120397,UDP
2.120397,UDP
2.120397,UDP
2.120397,UDP
2.120397,UDP
2.120397,UDP
2.120397,UDP
2.120397,UDP
2.120397,UDP
2.120397,UDP
2.120397,UDP
2.120397,UDP
2.120397,UDP
2.120397,UDP
2.120735,UDP
2.121021,UDP
2.121209,UDP
2.121811,UDP
2.122021,UDP
2.122203,UDP
2.124383,UDP
2.124383,UDP
2.124383,UDP
2.124383,UDP
2.124383,UDP
2.124383,UDP
2.124383,UDP
2.124383,UDP
2.124698,UDP
2.126859,UDP
2.126859,UDP
2.126859,UDP
2.126859,UDP
2.126859,UDP
2.126859,UDP
2.126859,UDP
2.126859,UDP
2.126859,UDP
2.126859,UDP
2.126859,UDP
2.126859,UDP
2.12746,UDP
2.132423,UDP
2.132423,UDP
2.132423,UDP
2.132423,UDP
2.132423,UDP
2.132423,UDP
2.132423,UDP
2.132423,UDP
2.132559,UDP
2.134063,UDP
2.134063,UDP
2.134063,UDP
2.134063,UDP
2.136898,UDP
2.139039,UDP
2.139039,UDP
2.139039,UDP
2.139142,UDP
2.140939,UDP
2.144473,UDP
2.144473,UDP
2.145656,UDP
2.148767,UDP
2.148767,UDP
2.148767,UDP
2.148866,UDP
2.150867,UDP
2.157732,UDP
2.157838,UDP
2.159122,UDP
2.159122,UDP
2.159122,UDP
2.159122,UDP
2.159122,UDP
2.159122,UDP
2.160852,UDP
2.160852,UDP
2.161887,UDP
2.161887,UDP
2.161887,UDP
2.162096,UDP
2.167567,UDP
2.168717,UDP
2.168717,UDP
2.168717,UDP
2.169724,UDP
2.169959,UDP
2.172002,UDP
2.172002,UDP
2.172002,UDP
2.174246,UDP
2.17511,UDP
2.17511,UDP
2.175868,UDP
2.179887,UDP
2.180087,UDP
2.181625,UDP
2.181625,UDP
2.181625,UDP
2.183415,UDP
2.185123,UDP
2.185979,UDP
2.185979,UDP
2.188283,UDP
2.189247,UDP
2.190419,UDP
2.190419,UDP
2.190419,UDP
2.192874,UDP
2.193528,UDP
2.194352,UDP
2.194352,UDP
2.196734,UDP
2.198365,UDP
2.19865,UDP
2.199926,UDP
2.20465,UDP
2.20465,UDP
2.206768,UDP
2.206768,UDP
2.206768,UDP
2.206768,UDP
2.206768,UDP
2.206768,UDP
2.206768,UDP
2.207104,UDP
2.207572,UDP
2.212216,UDP
2.212216,UDP
2.212216,UDP
2.213508,UDP
2.213508,UDP
2.214582,UDP
2.214582,UDP
2.215185,UDP
2.217748,UDP
2.217748,UDP
2.217748,UDP
2.217748,UDP
2.221087,UDP
2.221693,UDP
2.226722,UDP
2.226722,UDP
2.226722,UDP
2.226946,UDP
2.227686,UDP
2.227686,UDP
2.227686,UDP
2.232495,UDP
2.232495,UDP
2.232495,UDP
2.232495,UDP
2.232495,UDP
2.232495,UDP
2.232495,UDP
2.232495,UDP
2.232884,UDP
2.235435,UDP
2.237104,UDP
2.237104,UDP
2.237104,UDP
2.243721,UDP
2.243721,UDP
2.243721,UDP
2.243721,UDP
2.243721,UDP
2.243721,UDP
2.243721,UDP
2.243721,UDP
2.243809,UDP
2.265899,UDP
2.276644,UDP
2.276644,UDP
2.276644,UDP
2.276644,UDP
2.276644,UDP
2.276644,UDP
2.276644,UDP
2.276644,UDP
2.276644,UDP
2.276644,UDP
2.276644,UDP
2.276644,UDP
2.276644,UDP
2.276644,UDP
2.276644,UDP
2.276644,UDP
2.276644,UDP
2.276644,UDP
2.276966,UDP
2.281627,UDP
2.281627,UDP
2.281627,UDP
2.281627,UDP
2.281627,UDP
2.281627,UDP
2.281627,UDP
2.281627,UDP
2.281627,UDP
2.281627,UDP
2.281627,UDP
2.281627,UDP
2.281627,UDP
2.281627,UDP
2.281805,UDP
2.281867,UDP
2.285773,UDP
2.285773,UDP
2.285773,UDP
2.285773,UDP
2.285773,UDP
2.285773,UDP
2.285773,UDP
2.285773,UDP
2.285773,UDP
2.285773,UDP
2.285773,UDP
2.285773,UDP
2.285966,UDP
2.296681,UDP
2.30275,UDP
2.30275,UDP
2.30275,UDP
2.30275,UDP
2.30275,UDP
2.30275,UDP
2.30275,UDP
2.30275,UDP
2.30275,TLSv1.2
2.30275,UDP
2.30275,UDP
2.30275,UDP
2.30275,UDP
2.30275,UDP
2.30275,UDP
2.30275,UDP
2.30275,UDP
2.303049,UDP
2.307785,UDP
2.307785,UDP
2.307785,UDP
2.307785,UDP
2.307785,UDP
2.307785,UDP
2.308025,UDP
2.308424,UDP
2.308424,UDP
2.311218,UDP
2.311218,UDP
2.311218,UDP
2.311218,UDP
2.311218,UDP
2.311218,UDP
2.311218,UDP
2.311508,UDP
2.317967,UDP
2.320762,UDP
2.320762,UDP
2.320762,UDP
2.320762,UDP
2.320762,UDP
2.320762,UDP
2.320933,UDP
2.323311,UDP
2.323311,UDP
2.323311,UDP
2.323311,UDP
2.323311,UDP
2.323311,UDP
2.323634,UDP
2.327435,UDP
2.327435,UDP
2.327435,UDP
2.327435,UDP
2.329191,UDP
2.329191,UDP
2.329191,UDP
2.329191,UDP
2.331476,UDP
2.331628,UDP
2.33242,UDP
2.3348,UDP
2.3348,UDP
2.343361,UDP
2.343361,UDP
2.343492,UDP
2.343899,UDP
2.344034,TCP
2.349751,UDP
2.349751,UDP
2.351067,UDP
2.351067,UDP
2.351067,UDP
2.351197,UDP
2.353804,UDP
2.353804,UDP
2.358388,UDP
2.358388,UDP
2.358388,UDP
2.358388,UDP
2.358388,UDP
2.358388,UDP
2.358388,UDP
2.358388,UDP
2.358388,UDP
2.358388,UDP
2.358388,UDP
2.358388,UDP
2.358388,UDP
2.358388,UDP
2.358752,UDP
2.358824,UDP
2.369363,UDP
2.369363,UDP
2.369363,UDP
2.369363,UDP
2.369363,UDP
2.369363,UDP
2.369363,UDP
2.369363,UDP
2.369363,UDP
2.369363,UDP
2.369363,UDP
2.369363,UDP
2.369615,UDP
2.369846,UDP
2.370871,UDP
2.370871,UDP
2.370871,UDP
2.370871,UDP
2.373281,UDP
2.373281,UDP
2.373281,UDP
2.373281,UDP
2.378084,UDP
2.378084,UDP
2.378084,UDP
2.378084,UDP
2.378208,UDP
2.380835,UDP
2.380835,UDP
2.380835,UDP
2.380835,UDP
2.383742,UDP
2.383742,UDP
2.383742,UDP
2.383958,UDP
2.389023,UDP
2.389023,UDP
2.389023,UDP
2.389023,UDP
2.389023,UDP
2.391145,UDP
2.391145,UDP
2.391145,UDP
2.391145,UDP
2.394452,UDP
2.394627,UDP
2.396805,UDP
2.396805,UDP
2.396805,UDP
2.396805,UDP
2.396805,UDP
2.398614,UDP
2.398614,UDP
2.405143,UDP
2.423079,UDP
2.423079,UDP
2.423079,UDP
2.423079,UDP
2.423079,UDP
2.423079,UDP
2.423079,UDP
2.423079,UDP
2.423079,UDP
2.423079,UDP
2.423079,UDP
2.423079,UDP
2.423079,UDP
2.423079,UDP
2.423079,UDP
2.423079,UDP
2.423079,UDP
2.423079,UDP
2.423589,UDP
2.424241,UDP
2.424241,UDP
2.424604,UDP
2.435094,UDP
2.435094,UDP
2.435094,UDP
2.435094,UDP
2.435094,UDP
2.435094,UDP
2.435094,UDP
2.435094,UDP
2.435094,UDP
2.435094,UDP
2.435094,UDP
2.435094,UDP
2.435094,UDP
2.435094,UDP
2.435094,UDP
2.435094,UDP
2.435551,UDP
2.436746,TCP
2.437224,UDP
2.437224,UDP
2.437224,UDP
2.437224,UDP
2.437224,UDP
2.437224,UDP
2.437578,UDP
2.438365,UDP
2.438365,UDP
2.44715,UDP
2.44715,UDP
2.44715,UDP
2.44715,UDP
2.447451,UDP
2.449996,UDP
2.453942,UDP
2.453942,UDP
2.453942,UDP
2.453942,UDP
2.453942,UDP
2.453942,UDP
2.453942,UDP
2.454372,UDP
2.456774,UDP
2.456774,UDP
2.456774,UDP
2.456774,UDP
2.456774,UDP
2.456774,UDP
2.456774,UDP
2.456774,UDP
2.468006,UDP
2.488688,UDP
2.488688,UDP
2.488688,UDP
2.488688,UDP
2.488688,UDP
2.488688,UDP
2.488688,UDP
2.488688,UDP
2.488688,UDP
2.499209,UDP
2.499209,UDP
2.499209,UDP
2.499209,UDP
2.499209,UDP
2.499209,UDP
2.499209,UDP
2.499209,UDP
2.499209,UDP
2.499209,UDP
2.499209,UDP
2.499559,UDP
2.499673,UDP
2.499783,UDP
2.499783,UDP
2.499783,UDP
2.499783,UDP
2.499783,UDP
2.499783,UDP
2.499783,UDP
2.499783,UDP
2.499783,UDP
2.499783,UDP
2.499783,UDP
2.499783,UDP
2.499946,UDP
2.507705,UDP
2.507705,UDP
2.507705,UDP
2.507705,UDP
2.507705,UDP
2.507705,UDP
2.507705,UDP
2.507705,UDP
2.507705,UDP
2.507705,UDP
2.507705,UDP
2.507705,UDP
2.507928,UDP
2.508042,UDP
2.51609,ARP
2.51609,UDP
2.51609,UDP
2.51609,UDP
2.51609,UDP
2.516339,UDP
2.52994,UDP
2.551806,UDP
2.554518,UDP
2.554518,UDP
2.554518,UDP
2.557703,UDP
2.559026,UDP
2.559026,UDP
2.559316,UDP
2.56092,TCP
2.56924,UDP
2.56924,UDP
2.56924,UDP
2.56924,UDP
2.56924,UDP
2.56924,UDP
2.56924,UDP
2.56924,UDP
2.56924,UDP
2.571865,UDP
2.571865,UDP
2.571865,UDP
2.571865,UDP
2.571865,UDP
2.572056,UDP
2.574698,UDP
2.574698,UDP
2.574698,UDP
2.580945,UDP
2.580945,UDP
2.580945,UDP
2.580945,UDP
2.580945,UDP
2.580945,UDP
2.581065,UDP
2.583585,UDP
2.583585,UDP
2.583585,UDP
2.591944,UDP
2.601356,UDP
2.601356,UDP
2.601356,UDP
2.601356,UDP
2.601356,UDP
2.601356,UDP
2.601356,UDP
2.601356,UDP
2.601356,UDP
2.601356,UDP
2.601356,UDP
2.601356,UDP
2.60175,UDP
2.604667,UDP
2.604667,UDP
2.604667,UDP
2.604667,UDP
2.604667,UDP
2.619433,UDP
2.619433,UDP
2.619433,UDP
2.619433,UDP
2.619433,UDP
2.619433,UDP
2.619433,UDP
2.619433,UDP
2.619433,UDP
2.619433,UDP
2.619433,UDP
2.619433,UDP
2.619885,UDP
2.620028,UDP
2.622674,UDP
2.622674,UDP
2.622674,UDP
2.622674,UDP
2.622674,UDP
2.622674,UDP
2.622674,UDP
2.634564,UDP
2.634564,UDP
2.634564,UDP
2.634564,UDP
2.634564,UDP
2.634564,UDP
2.634564,UDP
2.634564,UDP
2.634564,UDP
2.634564,UDP
2.634564,UDP
2.634564,UDP
2.634858,UDP
2.635035,UDP
2.640303,UDP
2.640303,UDP
2.640303,UDP
2.640303,UDP
2.640303,UDP
2.640303,UDP
2.640303,UDP
2.640303,UDP
2.640303,UDP
2.640303,UDP
2.640303,UDP
2.640303,UDP
2.640802,UDP
2.641767,UDP
2.641767,UDP
2.641767,UDP
2.655792,UDP
2.682194,UDP
2.682194,UDP
2.682194,UDP
2.682194,UDP
2.682194,UDP
2.682194,UDP
2.682194,UDP
2.682194,UDP
2.682194,UDP
2.682194,UDP
2.682194,UDP
2.682194,UDP
2.682833,UDP
2.689698,TCP
2.689698,UDP
2.689698,UDP
2.689698,UDP
2.689698,UDP
2.689698,UDP
2.689698,UDP
2.689698,UDP
2.689698,UDP
2.689698,UDP
2.689698,UDP
2.689698,UDP
2.689698,UDP
2.690285,UDP
2.695245,UDP
2.695245,UDP
2.695245,UDP
2.695245,UDP
2.695245,UDP
2.695245,UDP
2.695245,UDP
2.695571,UDP
2.701073,UDP
2.701073,UDP
2.701073,UDP
2.701073,UDP
2.701073,UDP
2.701073,UDP
2.701073,UDP
2.701073,UDP
2.701073,UDP
2.701073,UDP
2.701073,UDP
2.701073,UDP
2.701505,UDP
2.707559,UDP
2.707559,UDP
2.707559,UDP
2.707559,UDP
2.707559,UDP
2.707559,UDP
2.707559,UDP
2.707559,UDP
2.707559,UDP
2.707559,UDP
2.707559,UDP
2.707559,UDP
2.707885,UDP
2.716773,UDP
2.716773,UDP
2.717117,UDP
2.7344,UDP
2.739435,UDP
2.739435,UDP
2.740408,UDP
2.740408,UDP
2.741665,UDP
2.741665,UDP
2.750575,UDP
2.753091,UDP
2.759142,UDP
2.759142,UDP
2.759142,UDP
2.759142,UDP
2.759142,UDP
2.759142,UDP
2.759142,UDP
2.759142,UDP
2.759142,UDP
2.759142,UDP
2.759142,UDP
2.759485,UDP
2.774938,UDP
2.774938,UDP
2.774938,UDP
2.774938,UDP
2.774938,UDP
2.774938,UDP
2.774938,UDP
2.774938,UDP
2.774938,UDP
2.774938,TCP
2.774938,UDP
2.774938,UDP
2.775363,UDP
2.775436,UDP
2.776618,UDP
2.776618,UDP
2.776618,UDP
2.776618,UDP
2.776618,UDP
2.776618,UDP
2.776618,UDP
2.776618,UDP
2.797084,UDP
2.818445,UDP
2.818445,UDP
2.818445,UDP
2.818445,UDP
2.818445,UDP
2.818445,UDP
2.818445,UDP
2.818445,UDP
2.818445,UDP
2.828664,UDP
2.829137,UDP
2.829137,UDP
2.829137,UDP
2.829137,UDP
2.829137,UDP
2.829137,UDP
2.829137,UDP
2.829137,UDP
2.829137,UDP
2.834303,UDP
2.834303,UDP
2.834303,UDP
2.834303,UDP
2.834303,UDP
2.834303,UDP
2.834303,UDP
2.834303,UDP
2.834303,UDP
2.834627,UDP
2.839474,UDP
2.839474,UDP
2.839474,UDP
2.839474,UDP
2.839474,UDP
2.839474,UDP
2.839474,UDP
2.839474,UDP
2.839474,UDP
2.839693,UDP
2.844606,UDP
2.844606,UDP
2.844606,UDP
2.844606,UDP
2.844606,UDP
2.844606,UDP
2.844606,UDP
2.844606,UDP
2.844606,UDP
2.845141,UDP
2.850144,UDP
2.850144,UDP
2.850144,UDP
2.850144,UDP
2.850144,UDP
2.850144,UDP
2.850144,UDP
2.850144,UDP
2.850144,UDP
2.850583,UDP
2.85516,UDP
2.85516,UDP
2.85516,UDP
2.85516,UDP
2.85516,UDP
2.85516,UDP
2.85516,UDP
2.85516,UDP
2.85516,UDP
2.855414,UDP
2.858729,UDP
2.864031,UDP
2.864031,UDP
2.864031,UDP
2.864031,UDP
2.864031,UDP
2.864031,UDP
2.864031,TLSv1.2
2.864031,TCP
2.864031,UDP
2.864031,UDP
2.864031,UDP
2.864031,UDP
2.864031,UDP
2.864106,TCP
2.864249,UDP
2.8643,UDP
2.869438,UDP
2.869438,UDP
2.869438,UDP
2.869438,UDP
2.869438,UDP
2.869438,UDP
2.869438,UDP
2.869438,UDP
2.869438,UDP
2.877504,UDP
2.877504,UDP
2.877504,UDP
2.877504,UDP
2.877504,UDP
2.877504,UDP
2.877504,UDP
2.877504,UDP
2.877504,UDP
2.877726,UDP
2.888271,UDP
2.888508,UDP
2.912953,UDP
2.912953,UDP
2.912953,UDP
2.912953,UDP
2.912953,UDP
2.913737,UDP
2.946506,UDP
2.946761,UDP
2.952671,UDP
2.952671,UDP
2.952671,UDP
2.952797,UDP
2.952841,UDP
2.954939,UDP
2.954939,UDP
2.954939,UDP
2.954939,UDP
2.957827,UDP
2.957827,UDP
2.957827,UDP
2.957827,UDP
2.961659,UDP
2.96226,UDP
2.964555,UDP
2.965748,UDP
2.965748,UDP
2.969143,UDP
2.969143,UDP
2.969143,UDP
2.969143,UDP
2.973964,UDP
2.973964,UDP
2.974193,UDP
2.977826,UDP
2.977826,UDP
2.977826,UDP
2.977826,UDP
2.977826,UDP
2.977826,UDP
2.980477,UDP
2.980477,UDP
2.980477,UDP
2.980477,UDP
2.980721,UDP
2.99328,UDP
2.99328,UDP
2.993481,UDP
2.994252,UDP
2.994252,UDP
2.995318,UDP
2.995318,UDP
2.996483,UDP
2.996483,UDP
2.997507,UDP
2.997507,UDP
3.000492,UDP
3.000492,UDP
3.000707,UDP
3.00404,UDP
3.00404,UDP
3.01128,UDP
3.01128,UDP
3.011631,UDP
3.020439,UDP
3.020439,UDP
3.020439,UDP
3.020439,UDP
3.020439,UDP
3.020439,UDP
3.020439,UDP
3.020439,UDP
3.020439,UDP
3.020439,UDP
3.020439,UDP
3.020439,UDP
3.020899,UDP
3.021095,UDP
3.028079,UDP
3.028079,UDP
3.028079,UDP
3.028079,UDP
3.028079,UDP
3.028079,UDP
3.028079,UDP
3.028079,UDP
3.028079,UDP
3.028079,UDP
3.028079,UDP
3.028079,UDP
3.028269,UDP
3.034377,UDP
3.034377,UDP
3.034377,UDP
3.034377,UDP
3.034377,UDP
3.034377,UDP
3.034377,UDP
3.034377,UDP
3.034377,UDP
3.034377,UDP
3.034377,UDP
3.034377,UDP
3.03471,UDP
3.038297,UDP
3.038297,UDP
3.038297,UDP
3.038297,UDP
3.043371,UDP
3.067517,UDP
3.067517,UDP
3.067517,UDP
3.067517,UDP
3.067517,UDP
3.067517,UDP
3.067517,UDP
3.067517,UDP
3.067517,UDP
3.067517,UDP
3.067517,UDP
3.067517,UDP
3.067947,UDP
3.072482,UDP
3.072482,UDP
3.072482,UDP
3.072482,UDP
3.072482,UDP
3.072482,UDP
3.072482,UDP
3.072482,UDP
3.072482,UDP
3.072482,UDP
3.072482,UDP
3.072482,UDP
3.072741,UDP
3.078668,UDP
3.078668,UDP
3.078668,UDP
3.078668,UDP
3.078668,UDP
3.078668,UDP
3.078668,UDP
3.078668,UDP
3.079053,UDP
3.090212,UDP
3.094301,UDP
3.094301,UDP
3.094301,UDP
3.094301,UDP
3.094301,UDP
3.094301,UDP
3.094301,UDP
3.094301,UDP
3.094301,UDP
3.094301,UDP
3.094301,UDP
3.094301,UDP
3.094597,UDP
3.106909,UDP
3.184436,TCP
3.192196,UDP
3.192196,UDP
3.197105,UDP
3.197105,UDP
3.197105,UDP
3.197105,UDP
3.197105,UDP
3.197105,UDP
3.199341,UDP
3.199341,UDP
3.199558,UDP
3.202659,UDP
3.202659,UDP
3.210051,UDP
3.210051,UDP
3.210051,UDP
3.210051,UDP
3.210051,UDP
3.210051,UDP
3.210051,UDP
3.210051,UDP
3.210051,UDP
3.210051,UDP
3.210051,UDP
3.210051,UDP
3.210051,UDP
3.210051,UDP
3.210051,UDP
3.210051,UDP
3.210051,UDP
3.210051,UDP
3.210291,UDP
3.210416,UDP
3.215003,UDP
3.215003,UDP
3.215003,UDP
3.215003,UDP
3.215003,UDP
3.215003,UDP
3.215003,UDP
3.227917,UDP
3.227917,UDP
3.227917,UDP
3.227917,UDP
3.227917,UDP
3.227917,UDP
3.227917,UDP
3.227917,UDP
3.227917,UDP
3.227917,UDP
3.227917,UDP
3.227917,UDP
3.227917,UDP
3.227917,UDP
3.227917,UDP
3.2282,UDP
3.228293,UDP
3.235783,UDP
3.235783,UDP
3.235783,UDP
3.235783,UDP
3.235783,UDP
3.235783,UDP
3.235783,UDP
3.235783,UDP
3.235935,UDP
3.241824,UDP
3.241824,UDP
3.241824,UDP
3.241824,UDP
3.241824,UDP
3.241824,UDP
3.241824,UDP
3.241824,UDP
3.241824,UDP
3.241824,UDP
3.241824,UDP
3.241824,UDP
3.241824,UDP
3.241824,UDP
3.241824,UDP
3.241824,UDP
3.241824,UDP
3.241824,UDP
3.241824,UDP
3.241824,UDP
3.241824,UDP
3.241824,UDP
3.241824,UDP
3.241824,UDP
3.242213,UDP
3.242334,UDP
3.242637,UDP
3.247643,UDP
3.253012,UDP
3.253012,UDP
3.253012,UDP
3.253012,UDP
3.253012,UDP
3.253012,UDP
3.253012,UDP
3.253012,UDP
3.253012,UDP
3.253012,UDP
3.253012,UDP
3.253012,UDP
3.253012,UDP
3.253012,UDP
3.253012,UDP
3.253012,UDP
3.253012,UDP
3.253012,UDP
3.253012,UDP
3.253012,UDP
3.253012,UDP
3.253012,UDP
3.253012,UDP
3.253012,UDP
3.253012,UDP
3.253012,UDP
3.253012,UDP
3.253012,UDP
3.253012,UDP
3.253012,UDP
3.253012,UDP
3.253224,UDP
3.253315,UDP
3.253365,UDP
3.253423,UDP
3.262457,UDP
3.271726,UDP
3.271726,UDP
3.271726,UDP
3.271726,UDP
3.271726,UDP
3.271726,UDP
3.271726,UDP
3.271726,UDP
3.271726,UDP
3.271726,UDP
3.271726,UDP
3.271726,UDP
3.271726,UDP
3.271726,UDP
3.271726,UDP
3.271871,UDP
3.271941,UDP
3.281137,UDP
3.281137,UDP
3.281137,UDP
3.281137,UDP
3.281137,UDP
3.281137,UDP
3.281137,UDP
3.281137,UDP
3.281137,UDP
3.281137,UDP
3.281137,UDP
3.281137,UDP
3.281137,UDP
3.281137,UDP
3.281137,UDP
3.281137,UDP
3.281137,UDP
3.281291,UDP
3.281359,UDP
3.290426,UDP
3.290426,UDP
3.290426,UDP
3.290426,UDP
3.290426,UDP
3.290426,UDP
3.290426,UDP
3.290426,UDP
3.290426,UDP
3.290573,UDP
3.296255,UDP
3.296255,UDP
3.296255,UDP
3.296255,UDP
3.296255,UDP
3.296255,UDP
3.296255,UDP
3.296255,UDP
3.296255,UDP
3.296255,UDP
3.296255,UDP
3.296255,UDP
3.296255,UDP
3.296255,UDP
3.296255,UDP
3.296255,UDP
3.296255,UDP
3.296255,UDP
3.296255,UDP
3.296255,UDP
3.296255,UDP
3.296255,UDP
3.2965,UDP
3.296557,UDP
3.296593,UDP
3.299864,UDP
3.303314,UDP
3.303314,UDP
3.303314,UDP
3.303314,UDP
3.303314,UDP
3.303314,UDP
3.303314,UDP
3.303314,UDP
3.303314,UDP
3.303314,UDP
3.30349,UDP
3.323075,UDP
3.370396,TCP
3.386002,UDP
3.388203,UDP
3.388203,UDP
3.390397,UDP
3.391658,UDP
3.391658,UDP
3.392218,UDP
3.392218,UDP
3.395481,UDP
3.395587,UDP
3.39891,UDP
3.39891,UDP
3.39891,UDP
3.404276,UDP
3.404276,UDP
3.404276,UDP
3.404276,UDP
3.40703,UDP
3.40703,UDP
3.40703,UDP
3.407176,UDP
3.409616,UDP
3.417797,UDP
3.423281,UDP
3.423281,UDP
3.423281,UDP
3.423281,UDP
3.423281,UDP
3.423281,UDP
3.43359,UDP
3.437578,UDP
3.437578,UDP
3.437578,UDP
3.437578,UDP
3.437578,UDP
3.437578,UDP
3.439736,UDP
3.439736,UDP
3.439736,UDP
3.439736,UDP
3.439736,UDP
3.439736,UDP
3.439736,UDP
3.439736,UDP
3.439736,UDP
3.439736,UDP
3.439736,UDP
3.439736,UDP
3.439736,UDP
3.439736,UDP
3.439736,UDP
3.439736,UDP
3.44007,UDP
3.440155,UDP
3.444781,UDP
3.449233,UDP
3.451835,UDP
3.451835,UDP
3.451835,UDP
3.451835,UDP
3.451835,UDP
3.451835,UDP
3.451835,UDP
3.451835,UDP
3.451835,UDP
3.464869,UDP
3.47697,UDP
3.47697,UDP
3.47697,UDP
3.47697,UDP
3.47697,UDP
3.47697,UDP
3.47697,UDP
3.47697,UDP
3.47697,UDP
3.47697,UDP
3.47697,UDP
3.47697,UDP
3.47697,UDP
3.47697,UDP
3.47697,UDP
3.47697,UDP
3.47697,UDP
3.47697,UDP
3.47697,UDP
3.477358,UDP
3.489756,UDP
3.489756,UDP
3.489756,UDP
3.489756,UDP
3.489756,UDP
3.490002,UDP
3.495491,UDP
3.495491,UDP
3.504364,UDP
3.504649,UDP
3.571548,UDP
3.575212,UDP
3.575212,UDP
3.575212,UDP
3.575212,UDP
3.575212,UDP
3.590069,UDP
3.59492,UDP
3.59492,UDP
3.60505,UDP
3.60928,UDP
3.60928,UDP
3.60928,UDP
3.60928,UDP
3.60928,UDP
3.60928,UDP
3.60928,UDP
3.60928,UDP
3.60928,UDP
3.60928,UDP
3.609477,UDP
3.627803,UDP
3.627803,UDP
3.627803,UDP
3.627803,UDP
3.636227,UDP
3.658118,UDP
3.658118,UDP
3.658118,UDP
3.658118,UDP
3.666771,UDP
3.666771,UDP
3.666771,UDP
3.667068,UDP
3.667154,UDP
3.667776,UDP
3.667776,UDP
3.668275,UDP
3.668345,TCP
3.676309,UDP
3.67661,UDP
3.699426,UDP
3.707733,TCP
3.723088,UDP
3.729356,UDP
3.729356,UDP
3.729356,UDP
3.729356,UDP
3.729356,UDP
3.729356,UDP
3.729356,UDP
3.733974,UDP
3.733974,UDP
3.733974,UDP
3.734367,UDP
3.736313,UDP
3.736313,UDP
3.736313,UDP
3.736313,UDP
3.736313,UDP
3.736313,UDP
3.745466,UDP
3.745788,UDP
3.745788,UDP
3.745788,UDP
3.757654,UDP
3.757654,UDP
3.757654,UDP
3.757654,UDP
3.757654,UDP
3.757654,UDP
3.757654,UDP
3.757654,UDP
3.757654,UDP
3.757654,UDP
3.757654,UDP
3.757654,UDP
3.757654,UDP
3.757654,UDP
3.757654,UDP
3.757912,UDP
3.758024,UDP
3.76342,UDP
3.76342,UDP
3.766973,UDP
3.775062,UDP
3.775062,UDP
3.775062,UDP
3.775062,UDP
3.775062,UDP
3.775062,UDP
3.775062,UDP
3.775062,UDP
3.775062,UDP
3.775062,UDP
3.775062,UDP
3.775062,UDP
3.775062,UDP
3.775062,UDP
3.775062,UDP
3.775397,UDP
3.787268,UDP
3.787268,UDP
3.787268,UDP
3.787268,UDP
3.787268,UDP
3.787268,UDP
3.787268,UDP
3.787268,UDP
3.787268,UDP
3.787268,UDP
3.787268,UDP
3.787268,UDP
3.787268,UDP
3.787268,UDP
3.787268,UDP
3.787795,UDP
3.787914,UDP
3.807889,UDP
3.810841,UDP
3.810841,UDP
3.810841,UDP
3.810841,UDP
3.810841,UDP
3.810841,UDP
3.810841,UDP
3.810841,UDP
3.810841,UDP
3.810841,UDP
3.810841,UDP
3.810841,UDP
3.810841,UDP
3.810841,UDP
3.810841,UDP
3.810841,UDP
3.810841,UDP
3.810841,UDP
3.810841,UDP
3.810841,UDP
3.810841,UDP
3.810841,UDP
3.810841,UDP
3.810841,UDP
3.810841,UDP
3.810841,UDP
3.810841,UDP
3.810841,UDP
3.810841,UDP
3.810841,UDP
3.810841,UDP
3.810841,UDP
3.811301,UDP
3.811395,UDP
3.81146,UDP
3.813723,UDP
3.813723,UDP
3.813723,UDP
3.813723,UDP
3.813723,UDP
3.819266,UDP
3.819266,UDP
3.819266,UDP
3.819266,UDP
3.819266,UDP
3.819266,UDP
3.819266,UDP
3.81957,UDP
3.820847,UDP
3.820847,UDP
3.820847,UDP
3.824522,UDP
3.824522,UDP
3.824769,UDP
3.824994,UDP
3.824994,UDP
3.829005,UDP
3.829005,UDP
3.829588,UDP
3.829588,UDP
3.830458,UDP
3.830458,UDP
3.83903,UDP
3.842707,TCP
3.842707,UDP
3.842707,UDP
3.842707,UDP
3.842707,UDP
3.842707,UDP
3.842707,UDP
3.842707,UDP
3.842707,UDP
3.842707,UDP
3.842707,UDP
3.842707,UDP
3.842707,UDP
3.842989,UDP
3.854558,UDP
3.862175,UDP
3.862175,UDP
3.862175,UDP
3.862175,UDP
3.862175,UDP
3.862175,UDP
3.862175,UDP
3.862175,UDP
3.870294,UDP
3.881649,UDP
3.881649,UDP
3.881649,UDP
3.881649,UDP
3.881649,UDP
3.881649,UDP
3.881649,UDP
3.881649,UDP
3.881649,UDP
3.881649,UDP
3.881649,UDP
3.881649,UDP
3.881649,UDP
3.881649,UDP
3.881649,UDP
3.881649,UDP
3.881649,UDP
3.881649,UDP
3.882033,UDP
3.901808,UDP
3.921361,UDP
3.921361,UDP
3.921361,UDP
3.921361,UDP
3.921361,UDP
3.921361,UDP
3.921361,UDP
3.921361,UDP
3.921361,UDP
3.921361,UDP
3.921361,UDP
3.921361,UDP
3.921361,UDP
3.921361,UDP
3.921361,UDP
3.921361,UDP
3.921361,UDP
3.921361,UDP
3.921361,UDP
3.921361,UDP
3.921361,UDP
3.921361,UDP
3.921361,UDP
3.921361,UDP
3.921361,UDP
3.921861,UDP
3.92203,UDP
3.926662,UDP
3.926662,UDP
3.926662,UDP
3.926662,UDP
3.926662,UDP
3.927044,UDP
3.927649,UDP
3.934863,UDP
3.935185,UDP
3.953388,ARP
3.953388,ARP
3.953388,ARP
3.953388,UDP
3.953388,UDP
3.953388,UDP
3.953388,UDP
3.953388,UDP
3.953388,UDP
3.953388,UDP
3.953388,UDP
3.953388,UDP
3.953388,UDP
3.953388,UDP
3.953388,UDP
3.953814,UDP
3.954086,UDP
3.954086,UDP
3.954086,UDP
3.954086,UDP
3.954086,UDP
3.954086,UDP
3.954086,UDP
3.954086,UDP
3.954086,UDP
3.954086,UDP
3.954086,UDP
3.954086,UDP
3.954086,UDP
3.954086,UDP
3.954086,UDP
3.954086,UDP
3.954086,UDP
3.954086,UDP
3.954086,UDP
3.954086,UDP
3.954547,UDP
3.954681,UDP
3.964433,UDP
3.976592,UDP
3.976592,UDP
3.976592,UDP
3.981715,UDP
3.981715,UDP
3.981715,UDP
3.981715,UDP
3.981715,UDP
3.981715,UDP
3.981715,UDP
3.981715,UDP
3.981715,UDP
3.981715,UDP
3.981715,UDP
3.981715,UDP
3.981715,UDP
3.981715,UDP
3.981715,UDP
3.981715,UDP
3.981715,UDP
3.981715,UDP
3.981941,UDP
3.982017,UDP
3.991492,UDP
3.991492,UDP
3.991492,UDP
3.991492,UDP
3.991492,UDP
3.991492,UDP
3.991492,UDP
3.991492,UDP
3.991492,UDP
3.991492,UDP
3.991492,UDP
3.991492,UDP
3.991492,UDP
3.991492,UDP
3.991492,UDP
3.991492,UDP
3.991492,UDP
3.991492,UDP
3.991492,UDP
3.991492,UDP
3.991492,UDP
3.991902,UDP
3.992023,UDP
3.992099,UDP
3.996792,UDP
3.996792,UDP
3.996792,UDP
3.996792,UDP
3.996792,UDP
3.996792,UDP
4.0003,UDP
4.0003,UDP
4.011165,UDP
4.037572,TCP
4.046691,UDP
4.053282,UDP
4.053282,UDP
4.053993,UDP
4.053993,UDP
4.053993,UDP
4.053993,UDP
4.053993,UDP
4.053993,UDP
4.054669,UDP
4.059334,UDP
4.059334,UDP
4.059334,UDP
4.059334,UDP
4.059334,UDP
4.067001,UDP
4.067001,UDP
4.067001,UDP
4.067001,UDP
4.067001,UDP
4.067001,UDP
4.067001,UDP
4.067001,UDP
4.067001,UDP
4.067001,UDP
4.067001,UDP
4.067573,UDP
4.067823,UDP
4.068475,UDP
4.068475,UDP
4.068475,UDP
4.068475,UDP
4.072171,UDP
4.080028,UDP
4.080028,UDP
4.080028,UDP
4.080028,UDP
4.080028,UDP
4.080202,UDP
4.082363,UDP
4.082363,UDP
4.085471,UDP
4.085471,UDP
4.085471,UDP
4.085471,UDP
4.085471,UDP
4.085759,UDP
4.087714,UDP
4.087714,UDP
4.087714,UDP
4.087714,UDP
4.089442,UDP
4.089442,UDP
4.089442,UDP
4.091939,UDP
4.091939,UDP
4.091939,UDP
4.091939,UDP
4.092031,UDP
4.095569,UDP
4.095569,UDP
4.095569,UDP
4.095569,UDP
4.096939,UDP
4.096939,UDP
4.096939,UDP
4.096939,UDP
4.097116,UDP
4.104444,UDP
4.104444,UDP
4.104444,UDP
4.104444,UDP
4.104444,UDP
4.104444,UDP
4.104444,UDP
4.104444,UDP
4.10533,UDP
4.106681,UDP
4.106681,UDP
4.106681,UDP
4.107023,UDP
4.107836,UDP
4.110675,UDP
4.110675,UDP
4.110675,UDP
4.111945,UDP
4.114032,UDP
4.11443,UDP
4.114944,UDP
4.116685,UDP
4.117997,UDP
4.117997,UDP
4.117997,UDP
4.117997,UDP
4.122787,UDP
4.122787,UDP
4.122787,UDP
4.122787,UDP
4.123152,UDP
4.124471,UDP
4.126689,UDP
4.126689,UDP
4.12827,UDP
4.12827,UDP
4.12827,UDP
4.12827,UDP
4.128638,UDP
4.150813,ARP
4.171871,UDP
4.171871,UDP
4.171871,UDP
4.171871,UDP
4.171871,UDP
4.171871,UDP
4.171871,UDP
4.171871,UDP
4.171871,UDP
4.171871,UDP
4.171871,UDP
4.171871,UDP
4.171871,UDP
4.171871,UDP
4.171871,UDP
4.171871,UDP
4.171871,UDP
4.171871,UDP
4.172629,UDP
4.172629,UDP
4.172629,UDP
4.172629,UDP
4.172629,UDP
4.172629,UDP
4.172629,UDP
4.172629,UDP
4.172629,UDP
4.172629,UDP
4.172629,UDP
4.172748,UDP
4.172945,UDP
4.175356,UDP
4.175356,UDP
4.175582,UDP
4.181856,QUIC
4.181923,QUIC
4.19363,UDP
4.217627,QUIC
4.224268,QUIC
4.224619,QUIC
4.227647,UDP
4.257964,ARP
4.257964,QUIC
4.370852,QUIC
4.372807,QUIC
4.372934,QUIC
4.376392,QUIC
4.376392,QUIC
4.37652,QUIC
4.378359,QUIC
4.378359,QUIC
4.378359,QUIC
4.378359,QUIC
4.378359,QUIC
4.378505,QUIC
4.378564,QUIC
4.391773,QUIC
4.391773,QUIC
4.391773,QUIC
4.391773,QUIC
4.391773,QUIC
4.391773,QUIC
4.391773,QUIC
4.391773,QUIC
4.391773,QUIC
4.391773,QUIC
4.391773,QUIC
4.391977,QUIC
4.39203,QUIC
4.392052,QUIC
4.392072,QUIC
4.392091,QUIC
4.39211,QUIC
4.400727,QUIC
4.400727,QUIC
4.400727,QUIC
4.400727,QUIC
4.400727,QUIC
4.400727,QUIC
4.400727,QUIC
4.400727,QUIC
4.400727,QUIC
4.400727,QUIC
4.400727,QUIC
4.400727,QUIC
4.400727,QUIC
4.400727,QUIC
4.400727,QUIC
4.401042,QUIC
4.401096,QUIC
4.401112,QUIC
4.401128,QUIC
4.401142,QUIC
4.401168,QUIC
4.401185,QUIC
4.402337,QUIC
4.402337,QUIC
4.402337,QUIC
4.402337,QUIC
4.402337,QUIC
4.402454,QUIC
4.402491,QUIC
4.402511,QUIC
4.42605,QUIC
4.42605,QUIC
4.42605,QUIC
4.42605,QUIC
4.42605,QUIC
4.42605,QUIC
4.42605,QUIC
4.42605,QUIC
4.42605,QUIC
4.42605,QUIC
4.42605,QUIC
4.42605,QUIC
4.42605,QUIC
4.42605,QUIC
4.42605,QUIC
4.42605,QUIC
4.42605,QUIC
4.42605,QUIC
4.42605,QUIC
4.42605,QUIC
4.42605,QUIC
4.42605,QUIC
4.42605,QUIC
4.42605,QUIC
4.42605,QUIC
4.42605,QUIC
4.42605,QUIC
4.42605,QUIC
4.42605,QUIC
4.42605,QUIC
4.42605,QUIC
4.42605,QUIC
4.426286,QUIC
4.426337,QUIC
4.426353,QUIC
4.426369,QUIC
4.426382,QUIC
4.426396,QUIC
4.426411,QUIC
4.426426,QUIC
4.42644,QUIC
4.426454,QUIC
4.426472,QUIC
4.426486,QUIC
4.4265,QUIC
4.426548,QUIC
4.426567,QUIC
4.426582,QUIC
4.429666,QUIC
4.429666,QUIC
4.429666,QUIC
4.429666,QUIC
4.429666,QUIC
4.429666,QUIC
4.429666,QUIC
4.429666,QUIC
4.429666,QUIC
4.429666,QUIC
4.429666,QUIC
4.429817,QUIC
4.429855,QUIC
4.42987,QUIC
4.429895,QUIC
4.429912,QUIC
4.43995,QUIC
4.440032,QUIC
4.442778,QUIC
4.442778,QUIC
4.442778,QUIC
4.442874,QUIC
4.449793,QUIC
4.449793,QUIC
4.449793,QUIC
4.449793,QUIC
4.449793,QUIC
4.449793,QUIC
4.449793,QUIC
4.449793,QUIC
4.449793,QUIC
4.449961,QUIC
4.458602,QUIC
4.458602,QUIC
4.458602,QUIC
4.458602,QUIC
4.458602,QUIC
4.458602,QUIC
4.458602,QUIC
4.458602,QUIC
4.472747,QUIC
4.502721,QUIC
4.51656,QUIC
4.51656,QUIC
4.51656,QUIC
4.51656,QUIC
4.51656,QUIC
4.51656,QUIC
4.51656,QUIC
4.51656,QUIC
4.51656,QUIC
4.51656,QUIC
4.51656,QUIC
4.51656,QUIC
4.51656,QUIC
4.51656,QUIC
4.51656,QUIC
4.51656,QUIC
4.51656,QUIC
4.51656,QUIC
4.51656,QUIC
4.51656,QUIC
4.51656,QUIC
4.51656,QUIC
4.51656,QUIC
4.51656,QUIC
4.51656,QUIC
4.51656,QUIC
4.51656,QUIC
4.51656,QUIC
4.51656,QUIC
4.51656,QUIC
4.51656,QUIC
4.51656,QUIC
4.516785,QUIC
4.516785,QUIC
4.516785,QUIC
4.516785,QUIC
4.516785,QUIC
4.516785,QUIC
4.516785,QUIC
4.516845,QUIC
4.516845,QUIC
4.516845,QUIC
4.516906,QUIC
4.517015,QUIC
4.517071,QUIC
4.517124,QUIC
4.517365,QUIC
4.5226,QUIC
4.5226,QUIC
4.5226,QUIC
4.5226,QUIC
4.5226,QUIC
4.5226,QUIC
4.5226,QUIC
4.5226,QUIC
4.5226,QUIC
4.5226,QUIC
4.522948,QUIC
4.52393,QUIC
4.524077,QUIC
4.535819,QUIC
4.535971,QUIC
4.536562,QUIC
4.536703,QUIC
4.545351,QUIC
4.545351,QUIC
4.545488,QUIC
4.545895,QUIC
4.545895,QUIC
4.545895,QUIC
4.545895,QUIC
4.550341,QUIC
4.551128,QUIC
4.551128,QUIC
4.551128,QUIC
4.551128,QUIC
4.551128,QUIC
4.551128,QUIC
4.55532,QUIC
4.55532,QUIC
4.55532,QUIC
4.55532,QUIC
4.55532,QUIC
4.55545,QUIC
4.565032,QUIC
4.567632,QUIC
4.567632,QUIC
4.567632,QUIC
4.567632,QUIC
4.567632,QUIC
4.567632,QUIC
4.567632,QUIC
4.567632,QUIC
4.567632,QUIC
4.567632,QUIC
4.567632,QUIC
4.567632,QUIC
4.567632,QUIC
4.567632,QUIC
4.567632,QUIC
4.567632,QUIC
4.567807,QUIC
4.569009,QUIC
4.569009,QUIC
4.572603,QUIC
4.572603,QUIC
4.572603,QUIC
4.572603,QUIC
4.572603,QUIC
4.572603,QUIC
4.572603,QUIC
4.572603,QUIC
4.572603,QUIC
4.572603,QUIC
4.572603,QUIC
4.572603,QUIC
4.572603,QUIC
4.572603,QUIC
4.572603,QUIC
4.572603,QUIC
4.572603,QUIC
4.572603,QUIC
4.572603,QUIC
4.572603,QUIC
4.572603,QUIC
4.572603,QUIC
4.572603,QUIC
4.572603,QUIC
4.572603,QUIC
4.572603,QUIC
4.572603,QUIC
4.572603,QUIC
4.572603,QUIC
4.572761,QUIC
4.572844,QUIC
4.572932,QUIC
4.575337,QUIC
4.575337,QUIC
4.575337,QUIC
4.575337,QUIC
4.575542,QUIC
4.577621,QUIC
4.577621,QUIC
4.577621,QUIC
4.577621,QUIC
4.580756,QUIC
4.590938,QUIC
4.591985,QUIC
4.595927,TCP
4.595953,QUIC
4.599104,QUIC
4.602853,QUIC
4.602853,QUIC
4.602853,QUIC
4.602853,QUIC
4.603213,QUIC
4.608794,QUIC
4.608794,QUIC
4.608794,QUIC
4.608794,QUIC
4.608794,QUIC
4.608794,QUIC
4.608794,QUIC
4.608794,QUIC
4.608794,QUIC
4.627791,QUIC
4.628378,QUIC
4.628378,QUIC
4.628378,QUIC
4.628378,QUIC
4.628378,QUIC
4.628378,QUIC
4.628378,QUIC
4.628378,QUIC
4.628378,QUIC
4.628378,QUIC
4.628378,QUIC
4.628378,QUIC
4.628378,QUIC
4.628378,QUIC
4.628378,QUIC
4.628378,QUIC
4.628378,QUIC
4.628378,QUIC
4.628378,QUIC
4.628378,QUIC
4.628378,QUIC
4.628378,QUIC
4.628378,QUIC
4.628378,QUIC
4.628378,QUIC
4.628746,QUIC
4.628847,QUIC
4.62933,QUIC
4.62933,QUIC
4.62933,QUIC
4.62933,QUIC
4.62933,QUIC
4.62933,QUIC
4.62933,QUIC
4.629469,QUIC
4.642811,QUIC
4.645197,QUIC
4.645197,QUIC
4.645197,QUIC
4.645197,QUIC
4.645197,QUIC
4.645197,QUIC
4.645197,QUIC
4.645197,QUIC
4.645197,QUIC
4.645197,QUIC
4.645197,QUIC
4.645492,QUIC
4.651653,QUIC
4.651653,QUIC
4.651653,QUIC
4.651793,QUIC
4.658042,QUIC
4.666267,QUIC
4.666267,QUIC
4.666267,QUIC
4.666267,QUIC
4.666267,QUIC
4.666267,QUIC
4.666267,QUIC
4.666267,QUIC
4.666267,QUIC
4.666267,QUIC
4.666559,QUIC
4.666784,QUIC
4.673249,QUIC
4.685774,QUIC
4.693312,QUIC
4.693312,QUIC
4.693312,QUIC
4.693692,QUIC
4.695982,QUIC
4.700256,QUIC
4.700256,QUIC
4.700256,QUIC
4.700632,QUIC
4.703925,TCP
4.703925,QUIC
4.703925,QUIC
4.703925,QUIC
4.703925,QUIC
4.703925,QUIC
4.703925,QUIC
4.704759,QUIC
4.710088,QUIC
4.710088,QUIC
4.710088,QUIC
4.710088,QUIC
4.710088,QUIC
4.710088,QUIC
4.715331,QUIC
4.715331,QUIC
4.715331,QUIC
4.715331,QUIC
4.715331,QUIC
4.715331,QUIC
4.715331,QUIC
4.715841,QUIC
4.717943,QUIC
4.721032,QUIC
4.721032,QUIC
4.721427,QUIC
4.722617,QUIC
4.722617,QUIC
4.722617,QUIC
4.722617,QUIC
4.722617,QUIC
4.722617,QUIC
4.722617,QUIC
4.722617,QUIC
4.722617,QUIC
4.722617,QUIC
4.723167,QUIC
4.724285,QUIC
4.724285,QUIC
4.724285,QUIC
4.724285,QUIC
4.725557,QUIC
4.725557,QUIC
4.725557,QUIC
4.725557,QUIC
4.733973,QUIC
4.733973,QUIC
4.733973,QUIC
4.733973,QUIC
4.733973,QUIC
4.733973,QUIC
4.733973,QUIC
4.733973,QUIC
4.73448,QUIC
4.735779,QUIC
4.735779,QUIC
4.735779,QUIC
4.735779,QUIC
4.735779,QUIC
4.736052,QUIC
4.737127,QUIC
4.737127,QUIC
4.737127,QUIC
4.73858,QUIC
4.73858,QUIC
4.739622,QUIC
4.739622,QUIC
4.750167,QUIC
4.755482,QUIC
4.755482,QUIC
4.755482,QUIC
4.755482,QUIC
4.755482,QUIC
4.755482,QUIC
4.755482,QUIC
4.755482,QUIC
4.755482,QUIC
4.757369,QUIC
4.757369,QUIC
4.757369,QUIC
4.757369,QUIC
4.757369,QUIC
4.757369,QUIC
4.757369,QUIC
4.757644,QUIC
4.761332,QUIC
4.761332,QUIC
4.761332,QUIC
4.761332,QUIC
4.761332,QUIC
4.761332,QUIC
4.761332,QUIC
4.761332,QUIC
4.761332,QUIC
4.76162,QUIC
4.764583,QUIC
4.764583,QUIC
4.764583,QUIC
4.765673,QUIC
4.765673,QUIC
4.76598,QUIC
4.780287,QUIC
4.780659,QUIC
4.79144,QUIC
4.79144,QUIC
4.79144,QUIC
4.79144,QUIC
4.79144,QUIC
4.79144,QUIC
4.79144,QUIC
4.79144,QUIC
4.79144,QUIC
4.79144,QUIC
4.79144,QUIC
4.792179,QUIC
4.796991,QUIC
4.796991,QUIC
4.796991,QUIC
4.796991,QUIC
4.797141,QUIC
4.810782,QUIC
4.810782,QUIC
4.810782,QUIC
4.810782,QUIC
4.810782,QUIC
4.810782,QUIC
4.810782,QUIC
4.810782,QUIC
4.810782,QUIC
4.810782,QUIC
4.810782,QUIC
4.810782,QUIC
4.810782,QUIC
4.810782,QUIC
4.810782,QUIC
4.810782,QUIC
4.810782,QUIC
4.810782,QUIC
4.810782,QUIC
4.810782,QUIC
4.810782,QUIC
4.810782,QUIC
4.810782,QUIC
4.810782,QUIC
4.811129,QUIC
4.811199,QUIC
4.811237,QUIC
4.827281,QUIC
4.827281,QUIC
4.827281,QUIC
4.827748,QUIC
4.829482,QUIC
4.829482,QUIC
4.829482,QUIC
4.829482,QUIC
4.829482,QUIC
4.829482,QUIC
4.829482,QUIC
4.829482,QUIC
4.829482,QUIC
4.829482,QUIC
4.829482,QUIC
4.829482,QUIC
4.829482,QUIC
4.829482,QUIC
4.829482,QUIC
4.829482,QUIC
4.829482,QUIC
4.830461,QUIC
4.833009,QUIC
4.833009,QUIC
4.833009,QUIC
4.833009,QUIC
4.833009,QUIC
4.833009,QUIC
4.833009,QUIC
4.833009,QUIC
4.833009,QUIC
4.833009,QUIC
4.833439,QUIC
4.835453,QUIC
4.835453,QUIC
4.835453,QUIC
4.835453,QUIC
4.835453,QUIC
4.835453,QUIC
4.835896,QUIC
4.837067,QUIC
4.837067,QUIC
4.837067,QUIC
4.837067,QUIC
4.838529,QUIC
4.83892,QUIC
4.841064,QUIC
4.841064,QUIC
4.841064,QUIC
4.848948,QUIC
4.848948,QUIC
4.849309,QUIC
4.849638,QUIC
4.849638,QUIC
4.85003,QUIC
4.85003,QUIC
4.850581,QUIC
4.850581,QUIC
4.851112,QUIC
4.851112,QUIC
4.851694,QUIC
4.851694,QUIC
4.85184,QUIC
4.855114,QUIC
4.855114,QUIC
4.855114,QUIC
4.855114,QUIC
4.855114,QUIC
4.855114,QUIC
4.855114,QUIC
4.855114,QUIC
4.856654,QUIC
4.856654,QUIC
4.856654,QUIC
4.856654,QUIC
4.856814,QUIC
4.858752,QUIC
4.869183,QUIC
4.869344,QUIC
4.871133,QUIC
4.871133,QUIC
4.871133,QUIC
4.872768,QUIC
4.875581,QUIC
4.875581,QUIC
4.87574,QUIC
4.876597,QUIC
4.878237,QUIC
4.878237,QUIC
4.878237,QUIC
4.878237,QUIC
4.878237,QUIC
4.880595,QUIC
4.880595,QUIC
4.880595,QUIC
4.880838,QUIC
4.885054,TLSv1.2
4.885054,QUIC
4.885054,QUIC
4.885054,QUIC
4.885054,QUIC
4.885323,QUIC
4.887288,QUIC
4.887288,QUIC
4.887288,QUIC
4.887799,QUIC
4.889205,QUIC
4.889205,QUIC
4.889205,QUIC
4.889205,QUIC
4.889375,QUIC
4.891997,QUIC
4.891997,QUIC
4.891997,QUIC
4.891997,QUIC
4.893255,QUIC
4.893255,QUIC
4.893457,QUIC
4.897271,QUIC
4.897271,QUIC
4.89764,QUIC
4.899925,QUIC
4.899925,QUIC
4.901643,QUIC
4.901863,QUIC
4.904533,QUIC
4.904533,QUIC
4.908151,QUIC
4.908151,QUIC
4.908151,QUIC
4.908151,QUIC
4.908151,QUIC
4.908695,QUIC
4.914001,QUIC
4.914001,QUIC
4.914001,QUIC
4.914001,QUIC
4.914001,QUIC
4.914001,QUIC
4.914001,QUIC
4.914001,QUIC
4.914001,QUIC
4.920701,QUIC
4.930141,QUIC
4.930141,QUIC
4.930141,QUIC
4.930141,QUIC
4.930141,QUIC
4.930141,QUIC
4.930141,QUIC
4.930141,QUIC
4.930141,QUIC
4.930141,QUIC
4.930141,QUIC
4.930141,QUIC
4.930141,QUIC
4.930438,QUIC
4.932334,QUIC
4.932334,QUIC
4.932334,QUIC
4.932334,QUIC
4.93585,QUIC
4.935958,TCP
4.937366,QUIC
4.943016,QUIC
4.943016,QUIC
4.943016,QUIC
4.943016,QUIC
4.943016,QUIC
4.943016,QUIC
4.943016,QUIC
4.943016,QUIC
4.943016,QUIC
4.943016,QUIC
4.943016,QUIC
4.943142,QUIC
4.943196,QUIC
4.955475,QUIC
4.955475,QUIC
4.955475,QUIC
4.955475,QUIC
4.955475,QUIC
4.955475,QUIC
4.955475,QUIC
4.958152,QUIC
4.958152,QUIC
4.958152,QUIC
4.958152,QUIC
4.958152,QUIC
4.958152,QUIC
4.958152,QUIC
4.958152,QUIC
4.958152,QUIC
4.958152,QUIC
4.958152,QUIC
4.958152,QUIC
4.958152,QUIC
4.958152,QUIC
4.958152,QUIC
4.958152,QUIC
4.958152,QUIC
4.958152,QUIC
4.958152,QUIC
4.958152,QUIC
4.958152,QUIC
4.958152,QUIC
4.958152,QUIC
4.958152,QUIC
4.958152,QUIC
4.958152,QUIC
4.95866,QUIC
4.958849,QUIC
4.959004,QUIC
4.967005,QUIC
4.975556,QUIC
4.975556,QUIC
4.975556,QUIC
4.975556,QUIC
4.975556,QUIC
4.975556,QUIC
4.975556,QUIC
4.975556,QUIC
4.975556,QUIC
4.975556,QUIC
4.975556,QUIC
4.975556,QUIC
4.975556,QUIC
4.975556,QUIC
4.975556,QUIC
4.975556,QUIC
4.976223,QUIC
4.977932,QUIC
4.982584,QUIC
4.987571,QUIC
4.990049,QUIC
4.990049,QUIC
4.990049,QUIC
4.99092,QUIC
4.992286,QUIC
4.992607,QUIC
4.994268,QUIC
4.994268,QUIC
5.004582,QUIC
5.004582,QUIC
5.004582,QUIC
5.004582,QUIC
5.004582,QUIC
5.004582,QUIC
5.004582,QUIC
5.004582,QUIC
5.004899,QUIC
5.007122,QUIC
5.007122,QUIC
5.007122,QUIC
5.007122,QUIC
5.007449,QUIC
5.010167,QUIC
5.010167,QUIC
5.010167,QUIC
5.010167,QUIC
5.010167,QUIC
5.010167,QUIC
5.010167,QUIC
5.010167,QUIC
5.011853,QUIC
5.011853,QUIC
5.011853,QUIC
5.011853,QUIC
5.012075,QUIC
5.013341,QUIC
5.013341,QUIC
5.013341,QUIC
5.013341,QUIC
5.014773,QUIC
5.018381,QUIC
5.018704,QUIC
5.022463,QUIC
5.022463,QUIC
5.022463,QUIC
5.024842,QUIC
5.024842,QUIC
5.024842,QUIC
5.024842,QUIC
5.024842,QUIC
5.024842,QUIC
5.024842,QUIC
5.025078,QUIC
5.026395,QUIC
5.026395,QUIC
5.026395,QUIC
5.026395,QUIC
5.029097,QUIC
5.029097,QUIC
5.02995,QUIC
5.02995,QUIC
5.031002,QUIC
5.031269,QUIC
5.032139,QUIC
5.032139,QUIC
5.032139,QUIC
5.037178,QUIC
5.037178,QUIC
5.037178,QUIC
5.037178,QUIC
5.037562,QUIC
5.038817,QUIC
5.038817,QUIC
5.040276,QUIC
5.040276,QUIC
5.041974,QUIC
5.041974,QUIC
5.041974,QUIC
5.041974,QUIC
5.042422,QUIC
5.046425,QUIC
5.046425,QUIC
5.046425,QUIC
5.046425,QUIC
5.046618,QUIC
5.047814,QUIC
5.047814,QUIC
5.047814,QUIC
5.048482,QUIC
5.050536,QUIC
5.050536,QUIC
5.050746,QUIC
5.051618,QUIC
5.051618,QUIC
5.053287,QUIC
5.055112,QUIC
5.055112,QUIC
5.055112,QUIC
5.055313,QUIC
5.056538,QUIC
5.056538,QUIC
5.056538,QUIC
5.059845,TCP
5.059932,TCP
5.062679,QUIC
5.062679,QUIC
5.062679,QUIC
5.062679,QUIC
5.062679,QUIC
5.063013,QUIC
5.064159,QUIC
5.064159,QUIC
5.064159,QUIC
5.064159,QUIC
5.073261,QUIC
5.073261,QUIC
5.073261,QUIC
5.073261,QUIC
5.073261,QUIC
5.073261,QUIC
5.073261,QUIC
5.073715,QUIC
5.078588,QUIC
5.078588,QUIC
5.078588,QUIC
5.078588,QUIC
5.078588,QUIC
5.078588,QUIC
5.078588,QUIC
5.078588,QUIC
5.078588,QUIC
5.079035,QUIC
5.084421,QUIC
5.084727,QUIC
5.085369,QUIC
5.085369,QUIC
5.085369,QUIC
5.086058,QUIC
5.08966,QUIC
5.161053,TCP
5.161125,TCP
5.178446,TLSv1.2
5.178446,TCP
5.178519,TCP
5.27687,ARP
6.198489,ARP
6.300709,ARP
6.637625,TLSv1.2
6.637722,TCP
7.693247,TCP
7.764058,TCP
8.246605,ARP
8.448918,TLSv1.2
8.504049,TCP
9.229589,TLSv1.2
9.230521,TLSv1.2
9.230572,TCP
9.235481,TLSv1.2
9.235481,TLSv1.2
9.235536,TCP
9.330738,UDP
9.390278,UDP
9.408628,UDP
9.434315,UDP
9.434633,UDP
9.436415,UDP
9.454819,UDP
9.469881,UDP
9.788627,DNS
9.79818,DNS
9.799489,QUIC
9.799717,QUIC
9.859797,QUIC
9.870545,QUIC
9.870937,QUIC
9.871578,QUIC
9.871578,QUIC
9.871578,QUIC
9.87194,QUIC
9.886204,TLSv1.2
9.887145,TCP
9.887187,TCP
9.901428,QUIC
9.901622,QUIC
10.176286,ARP
10.176305,ARP
10.39597,ARP
10.39597,ARP
10.579135,TLSv1.2
10.628288,TCP
10.988934,TCP
11.318563,ARP
11.615225,TLSv1.2
11.660447,TCP
11.830901,QUIC
11.831002,QUIC
11.844639,QUIC
11.846231,QUIC
11.846738,QUIC
11.848036,QUIC
11.852064,QUIC
11.856109,QUIC
11.856109,QUIC
11.856109,QUIC
11.857125,QUIC
11.857125,QUIC
11.862004,QUIC
11.862004,QUIC
11.862188,QUIC
11.867697,QUIC
11.867697,QUIC
11.867697,QUIC
11.867697,QUIC
11.86786,QUIC
11.87309,QUIC
11.87309,QUIC
11.87309,QUIC
11.87309,QUIC
11.87309,QUIC
11.87309,QUIC
11.87309,QUIC
11.87309,QUIC
11.87309,QUIC
11.87309,QUIC
11.87309,QUIC
11.873261,QUIC
11.873358,QUIC
11.874153,QUIC
11.874153,QUIC
11.874153,QUIC
11.874153,QUIC
11.874153,QUIC
11.879194,QUIC
11.884394,QUIC
11.884394,QUIC
11.884394,QUIC
11.884394,QUIC
11.884394,QUIC
11.884394,QUIC
11.884394,QUIC
11.884394,QUIC
11.89031,QUIC
11.89031,QUIC
11.89031,QUIC
11.89031,QUIC
11.89031,QUIC
11.89031,QUIC
11.89031,QUIC
11.89031,QUIC
11.89031,QUIC
11.89031,QUIC
11.89031,QUIC
11.890506,QUIC
11.890578,QUIC
11.897643,QUIC
11.897643,QUIC
11.897643,QUIC
11.897643,QUIC
11.897643,QUIC
11.897643,QUIC
11.897643,QUIC
11.897643,QUIC
11.89789,QUIC
11.897966,QUIC
11.89798,QUIC
11.897991,QUIC
11.901474,QUIC
11.901474,QUIC
11.901474,QUIC
11.901474,QUIC
11.901474,QUIC
11.901474,QUIC
11.901474,QUIC
11.901474,QUIC
11.901704,QUIC
11.909937,QUIC
11.911548,QUIC
11.911548,QUIC
11.911548,QUIC
11.911548,QUIC
11.911548,QUIC
11.911548,QUIC
11.911548,QUIC
11.911548,QUIC
11.911548,QUIC
11.911548,QUIC
11.911548,QUIC
11.911959,QUIC
11.920432,QUIC
11.920432,QUIC
11.920432,QUIC
11.920432,QUIC
11.920432,QUIC
11.920432,QUIC
11.920432,QUIC
11.920432,QUIC
11.920432,QUIC
11.920432,QUIC
11.920432,QUIC
11.920654,QUIC
11.920741,QUIC
11.920755,QUIC
11.920769,QUIC
11.920792,QUIC
11.925809,QUIC
11.942616,QUIC
11.942616,QUIC
11.942616,QUIC
11.942616,QUIC
11.942616,QUIC
11.942616,QUIC
11.942616,QUIC
11.942616,QUIC
11.942616,QUIC
11.942616,QUIC
11.942616,QUIC
11.942616,QUIC
11.942616,QUIC
11.942996,QUIC
11.943049,QUIC
11.943066,QUIC
11.943076,QUIC
11.954268,QUIC
11.954268,QUIC
11.954268,QUIC
11.954268,QUIC
11.954268,QUIC
11.954268,QUIC
11.954268,QUIC
11.954268,QUIC
11.954268,QUIC
11.954268,QUIC
11.954605,QUIC
11.961624,QUIC
11.961624,QUIC
11.961624,QUIC
11.961624,QUIC
11.961624,QUIC
11.961624,QUIC
11.961624,QUIC
11.961624,QUIC
11.961624,QUIC
11.961624,QUIC
11.961624,QUIC
11.961624,QUIC
11.961624,QUIC
11.961624,QUIC
11.961624,QUIC
11.961624,QUIC
11.961624,QUIC
11.961624,QUIC
11.962039,QUIC
11.962185,QUIC
11.962285,QUIC
11.966397,QUIC
11.966397,QUIC
11.966397,TLSv1.2
11.97222,QUIC
11.977603,QUIC
11.979556,QUIC
11.979556,QUIC
11.979556,QUIC
11.981271,QUIC
11.981606,QUIC
11.98865,QUIC
11.98865,QUIC
11.98865,QUIC
11.98865,QUIC
11.98865,QUIC
11.98865,QUIC
11.98865,QUIC
11.98897,QUIC
11.989025,QUIC
11.989042,QUIC
11.991325,TLSv1.2
11.993372,QUIC
11.993372,QUIC
11.993372,QUIC
11.993372,QUIC
11.993372,QUIC
11.993372,QUIC
11.993372,QUIC
11.994915,QUIC
11.996405,QUIC
11.996405,QUIC
11.996405,QUIC
11.996405,QUIC
11.996605,QUIC
11.998203,QUIC
11.998203,QUIC
11.998203,QUIC
12.000931,QUIC
12.001132,QUIC
12.003443,QUIC
12.003443,QUIC
12.003443,QUIC
12.003443,QUIC
12.005611,QUIC
12.005611,QUIC
12.005611,QUIC
12.005611,QUIC
12.008988,QUIC
12.008988,QUIC
12.008988,QUIC
12.008988,QUIC
12.009203,QUIC
12.011703,QUIC
12.013532,QUIC
12.013532,QUIC
12.013532,QUIC
12.01364,QUIC
12.018352,QUIC
12.020058,QUIC
12.020058,QUIC
12.020058,QUIC
12.020058,QUIC
12.022879,QUIC
12.022879,QUIC
12.022879,QUIC
12.022879,QUIC
12.022879,QUIC
12.022879,QUIC
12.022879,QUIC
12.022879,QUIC
12.023063,QUIC
12.024392,QUIC
12.024392,QUIC
12.024392,QUIC
12.024392,QUIC
12.025514,QUIC
12.025514,QUIC
12.029561,QUIC
12.029561,QUIC
12.029708,QUIC
12.033712,QUIC
12.033712,QUIC
12.033712,QUIC
12.033712,QUIC
12.033885,QUIC
12.03863,QUIC
12.03863,QUIC
12.03863,QUIC
12.03863,QUIC
12.03863,QUIC
12.03863,QUIC
12.03863,QUIC
12.038821,QUIC
12.043613,QUIC
12.043821,QUIC
12.052431,QUIC
12.052431,QUIC
12.052431,QUIC
12.052431,QUIC
12.052431,QUIC
12.052431,QUIC
12.054008,QUIC
12.065858,QUIC
12.074463,QUIC
12.076298,QUIC
12.077242,QUIC
12.077242,QUIC
12.080876,QUIC
12.081727,QUIC
12.082986,QUIC
12.082986,QUIC
12.082986,QUIC
12.092526,QUIC
12.092526,QUIC
12.092526,QUIC
12.092526,QUIC
12.092526,QUIC
12.092526,QUIC
12.092526,QUIC
12.092526,QUIC
12.092526,TCP
12.092526,QUIC
12.092526,QUIC
12.092868,QUIC
12.095828,QUIC
12.095828,QUIC
12.095828,QUIC
12.095828,QUIC
12.095828,QUIC
12.096065,QUIC
12.102296,QUIC
12.102296,QUIC
12.102498,QUIC
12.103119,QUIC
12.103119,QUIC
12.103119,QUIC
12.103119,QUIC
12.103119,QUIC
12.10532,QUIC
12.10532,QUIC
12.10532,QUIC
12.10532,QUIC
12.10532,QUIC
12.10532,QUIC
12.105473,QUIC
12.106798,QUIC
12.106798,QUIC
12.106798,QUIC
12.106798,QUIC
12.10994,QUIC
12.110074,QUIC
12.111282,QUIC
12.111282,QUIC
12.111282,QUIC
12.112284,QUIC
12.112284,QUIC
12.116593,QUIC
12.116593,QUIC
12.116828,QUIC
12.11836,QUIC
12.11836,QUIC
12.11836,QUIC
12.11836,QUIC
12.11836,QUIC
12.120043,QUIC
12.120043,QUIC
12.120043,QUIC
12.120043,QUIC
12.120178,QUIC
12.122982,QUIC
12.122982,QUIC
12.122982,QUIC
12.126478,QUIC
12.126478,QUIC
12.126478,QUIC
12.126478,QUIC
12.12667,QUIC
12.130089,QUIC
12.130089,QUIC
12.130089,QUIC
12.130089,QUIC
12.130216,QUIC
12.134671,QUIC
12.134671,QUIC
12.134671,QUIC
12.134671,QUIC
12.134671,QUIC
12.134671,QUIC
12.134671,QUIC
12.134671,QUIC
12.134671,QUIC
12.134866,QUIC
12.142377,QUIC
12.143527,QUIC
12.143527,QUIC
12.143527,QUIC
12.143527,QUIC
12.143527,QUIC
12.143527,QUIC
12.143696,QUIC
12.143742,QUIC
12.143755,QUIC
12.143766,QUIC
12.148749,QUIC
12.148749,QUIC
12.148749,QUIC
12.148749,QUIC
12.148749,QUIC
12.148967,QUIC
12.158299,QUIC
12.161714,QUIC
12.161714,QUIC
12.161714,QUIC
12.161714,QUIC
12.161714,QUIC
12.161714,QUIC
12.161714,QUIC
12.161714,QUIC
12.161714,QUIC
12.161714,QUIC
12.161714,QUIC
12.161714,QUIC
12.161714,QUIC
12.161978,QUIC
12.162028,QUIC
12.162046,QUIC
12.162063,QUIC
12.167641,QUIC
12.167829,QUIC
12.172924,QUIC
12.172924,QUIC
12.172924,QUIC
12.172924,QUIC
12.172924,QUIC
12.172924,QUIC
12.172924,QUIC
12.172924,QUIC
12.172924,QUIC
12.172924,QUIC
12.172924,QUIC
12.172924,QUIC
12.172924,QUIC
12.172924,QUIC
12.172924,QUIC
12.172924,QUIC
12.172924,QUIC
12.172924,QUIC
12.173137,QUIC
12.188786,QUIC
12.197373,QUIC
12.197373,QUIC
12.197373,QUIC
12.197373,QUIC
12.197373,QUIC
12.197373,QUIC
12.197373,QUIC
12.197373,QUIC
12.197373,QUIC
12.197373,QUIC
12.197373,QUIC
12.197373,QUIC
12.197373,QUIC
12.197373,QUIC
12.197373,QUIC
12.197373,QUIC
12.197373,QUIC
12.197373,QUIC
12.197373,QUIC
12.197373,QUIC
12.197373,QUIC
12.197373,QUIC
12.197373,QUIC
12.197873,QUIC
12.197984,QUIC
12.199913,QUIC
12.199913,QUIC
12.199913,QUIC
12.199913,QUIC
12.199913,QUIC
12.199913,QUIC
12.199913,QUIC
12.199913,QUIC
12.200256,QUIC
12.200303,QUIC
12.22296,QUIC
12.223137,QUIC
12.226866,QUIC
12.226866,QUIC
12.227016,QUIC
12.227082,QUIC
12.2282,QUIC
12.23584,QUIC
12.245101,QUIC
12.245101,QUIC
12.245101,QUIC
12.245101,QUIC
12.245101,QUIC
12.252242,QUIC
12.255393,QUIC
12.255393,QUIC
12.255393,QUIC
12.255393,QUIC
12.255393,QUIC
12.255393,QUIC
12.255393,QUIC
12.255393,QUIC
12.255393,QUIC
12.255393,QUIC
12.255393,QUIC
12.255393,QUIC
12.255704,QUIC
12.26667,QUIC
12.26667,QUIC
12.26667,QUIC
12.26667,QUIC
12.26667,QUIC
12.26667,QUIC
12.26667,QUIC
12.26667,QUIC
12.26667,QUIC
12.26667,QUIC
12.26667,QUIC
12.26667,QUIC
12.26667,QUIC
12.26667,QUIC
12.26667,QUIC
12.26667,QUIC
12.26667,QUIC
12.26667,QUIC
12.266953,QUIC
12.267061,QUIC
12.269687,QUIC
12.282654,QUIC
12.282654,TLSv1.2
12.282654,QUIC
12.282654,QUIC
12.282654,QUIC
12.282654,QUIC
12.282979,QUIC
12.288983,QUIC
12.288983,QUIC
12.288983,QUIC
12.288983,QUIC
12.288983,QUIC
12.288983,QUIC
12.288983,QUIC
12.288983,QUIC
12.288983,QUIC
12.288983,QUIC
12.288983,QUIC
12.288983,QUIC
12.288983,QUIC
12.288983,QUIC
12.288983,QUIC
12.288983,QUIC
12.288983,QUIC
12.288983,QUIC
12.28924,QUIC
12.28934,QUIC
12.295126,QUIC
12.295126,QUIC
12.295126,QUIC
12.295126,QUIC
12.295126,QUIC
12.295126,QUIC
12.295126,QUIC
12.295126,QUIC
12.295126,QUIC
12.295333,QUIC
12.301529,QUIC
12.301722,QUIC
12.330063,TCP
12.335419,QUIC
12.335419,QUIC
12.335419,QUIC
12.335419,QUIC
12.335419,QUIC
12.335419,QUIC
12.335419,QUIC
12.335419,QUIC
12.335419,QUIC
12.335419,QUIC
12.335419,QUIC
12.335419,QUIC
12.335419,QUIC
12.335419,QUIC
12.335419,QUIC
12.335419,QUIC
12.335419,QUIC
12.335419,QUIC
12.335793,QUIC
12.339924,QUIC
12.339924,QUIC
12.339924,QUIC
12.339924,QUIC
12.339924,QUIC
12.340157,QUIC
12.345223,QUIC
12.345458,ARP
12.377841,QUIC
12.377841,QUIC
12.377841,QUIC
12.377841,QUIC
12.377841,QUIC
12.377841,QUIC
12.377841,QUIC
12.377841,QUIC
12.377841,QUIC
12.386608,QUIC
12.386608,QUIC
12.386608,QUIC
12.386608,QUIC
12.386608,QUIC
12.386608,QUIC
12.386608,QUIC
12.386608,QUIC
12.386608,QUIC
12.386608,QUIC
12.386608,QUIC
12.386608,QUIC
12.386608,QUIC
12.386608,QUIC
12.386934,QUIC
12.387072,QUIC
12.391831,QUIC
12.410332,QUIC
12.410332,QUIC
12.410332,QUIC
12.410332,QUIC
12.410332,QUIC
12.414452,QUIC
12.414452,QUIC
12.414452,QUIC
12.414452,QUIC
12.414452,QUIC
12.414452,QUIC
12.414452,QUIC
12.414452,QUIC
12.414452,QUIC
12.414452,QUIC
12.414452,QUIC
12.414452,QUIC
12.414452,QUIC
12.414787,QUIC
12.41508,QUIC
12.42291,QUIC
12.423936,QUIC
12.423936,QUIC
12.423936,QUIC
12.423936,QUIC
12.423936,QUIC
12.423936,QUIC
12.423936,QUIC
12.423936,QUIC
12.423936,QUIC
12.423936,QUIC
12.423936,QUIC
12.423936,QUIC
12.424235,QUIC
12.424278,QUIC
12.424296,QUIC
12.429081,QUIC
12.429081,QUIC
12.429081,QUIC
12.429081,QUIC
12.429081,QUIC
12.429081,QUIC
12.429081,QUIC
12.429081,QUIC
12.429081,QUIC
12.429081,QUIC
12.429081,QUIC
12.429081,QUIC
12.429453,QUIC
12.429658,QUIC
12.43468,QUIC
12.43468,QUIC
12.43468,QUIC
12.43468,QUIC
12.43468,QUIC
12.43468,QUIC
12.43468,QUIC
12.43468,QUIC
12.43468,QUIC
12.43468,QUIC
12.43468,QUIC
12.43468,QUIC
